Symbol	Timeframe	ObsTime	RefTop	RefBot	Range	RefDir	Ext	RetracePips	RetracePct	Type	SeqType	InsideCount	LookaheadUsed	GapSize	HighMomentum	SameDirSupport	NearestFibPct	NearestFibDistPct	ValidSetup	InvalidReason	Volume	Spread_pips
NZDUSD	H4	2025-10-01T12:00:00	0.58197	0.57977	0.00220	Bull	0.58021	176.0	80.0000	Retracement	Single	0	1	0.00000	0	true	78.60	1.4000	true		12737	125.00
NZDUSD	H4	2025-10-01T00:00:00	0.58011	0.57911	0.00100	Bear	0.57981	70.0	70.0000	Retracement	Single	0	1	0.00000	0	true	61.80	8.2000	true		3960	125.00
NZDUSD	H4	2025-09-30T08:00:00	0.57931	0.57751	0.00180	Bull	0.57832	99.0	55.0000	Retracement	Single	0	1	0.00000	0	true	50.00	5.0000	true		11037	125.00
NZDUSD	H4	2025-09-30T04:00:00	0.57795	0.57702	0.00093	Bull	0.57751	44.0	47.3118	Retracement	Single	0	1	0.00000	0	true	50.00	2.6882	true		6755	125.00
NZDUSD	H4	2025-09-29T20:00:00	0.57890	0.57783	0.00107	Bear	0.57822	39.0	36.4486	Retracement	Single	0	1	0.00000	0	true	38.20	1.7514	true		2538	125.00
NZDUSD	H4	2025-09-29T16:00:00	0.57913	0.57788	0.00125	Bear	0.57890	102.0	81.6000	Retracement	Single	0	1	0.00000	0	true	78.60	3.0000	true		9232	125.00
NZDUSD	H4	2025-09-29T08:00:00	0.57908	0.57692	0.00216	Bull	0.57836	72.0	33.3333	Retracement	Single	0	1	0.00000	0	true	38.20	4.8667	true		7679	125.00
NZDUSD	H4	2025-09-29T04:00:00	0.57797	0.57585	0.00212	Bull	0.57692	105.0	49.5283	Retracement	Single	0	1	0.00000	0	true	50.00	0.4717	true		5313	125.00
NZDUSD	H4	2025-09-26T16:00:00	0.57685	0.57531	0.00154	Bull	0.57604	81.0	52.5974	Retracement	Single	0	1	0.00000	0	true	50.00	2.5974	true		12247	125.00
NZDUSD	H4	2025-09-26T04:00:00	0.57682	0.57544	0.00138	Bull	0.57591	91.0	65.9420	Retracement	Single	0	1	0.00000	0	true	61.80	4.1420	true		3951	125.00
NZDUSD	H4	2025-09-25T20:00:00	0.57953	0.57684	0.00269	Bear	0.57706	22.0	8.1784	Retracement	Single	0	1	0.00000	0	true	23.60	15.4216	true		5269	125.00
NZDUSD	H4	2025-09-25T16:00:00	0.58302	0.57895	0.00407	Bear	0.57953	58.0	14.2506	Retracement	Single	0	1	0.00000	0	true	23.60	9.3494	true		13631	125.00
NZDUSD	H4	2025-09-24T16:00:00	0.58479	0.58232	0.00247	Bear	0.58274	42.0	17.0040	Retracement	Single	0	1	0.00000	0	true	23.60	6.5960	true		10902	125.00
NZDUSD	H4	2025-09-24T12:00:00	0.58606	0.58406	0.00200	Bear	0.58479	73.0	36.5000	Retracement	Single	0	1	0.00000	0	true	38.20	1.7000	true		6876	125.00
NZDUSD	H4	2025-09-24T04:00:00	0.58597	0.58454	0.00143	Bull	0.58485	112.0	78.3217	Retracement	Single	0	1	0.00000	0	true	78.60	0.2783	true		5777	125.00
NZDUSD	H4	2025-09-23T12:00:00	0.58621	0.58440	0.00181	Bull	0.58589	32.0	17.6796	Retracement	Single	0	1	0.00000	0	true	23.60	5.9204	true		6875	125.00
NZDUSD	H4	2025-09-23T04:00:00	0.58682	0.58552	0.00130	Bear	0.58636	84.0	64.6154	Retracement	Single	0	1	0.00000	0	true	61.80	2.8154	true		5496	125.00
NZDUSD	H4	2025-09-22T20:00:00	0.58653	0.58500	0.00153	Bull	0.58623	30.0	19.6078	Retracement	Single	0	1	0.00000	0	true	23.60	3.9922	true		2881	125.00
NZDUSD	H4	2025-09-22T16:00:00	0.58647	0.58551	0.00096	Bull	0.58500	147.0	153.1250	Extension	Engulf	0	1	0.00000	0	true	100.00	53.1250	true		8798	125.00
NZDUSD	H4	2025-09-19T04:00:00	0.58907	0.58768	0.00139	Bear	0.58854	86.0	61.8705	Retracement	Single	0	1	0.00000	0	true	61.80	0.0705	true		7994	125.00
NZDUSD	H4	2025-09-18T16:00:00	0.59098	0.58904	0.00194	Bear	0.58913	9.0	4.6392	Retracement	Single	0	1	0.00000	0	true	23.60	18.9608	true		15852	125.00
NZDUSD	H4	2025-09-18T12:00:00	0.59155	0.58916	0.00239	Bear	0.59098	182.0	76.1506	Retracement	Single	0	1	0.00000	0	true	78.60	2.4494	true		11108	125.00
NZDUSD	H4	2025-09-18T08:00:00	0.59330	0.59097	0.00233	Bear	0.59155	58.0	24.8927	Retracement	Single	0	1	0.00000	0	true	23.60	1.2927	true		10120	125.00
NZDUSD	H4	2025-09-18T04:00:00	0.59640	0.59198	0.00442	Bear	0.59330	132.0	29.8643	Retracement	Single	0	1	0.00000	0	true	23.60	6.2643	true		7928	125.00
NZDUSD	H4	2025-09-18T00:00:00	0.60062	0.59471	0.00591	Bear	0.59640	169.0	28.5956	Retracement	Single	0	1	0.00000	0	true	23.60	4.9956	true		6435	125.00
NZDUSD	H4	2025-09-17T20:00:00	0.59854	0.59668	0.00186	Bear	0.60062	394.0	211.8280	Extension	Engulf	0	1	0.00000	0	true	100.00	111.8280	true		25812	125.00
NZDUSD	H4	2025-09-17T08:00:00	0.59821	0.59737	0.00084	Bear	0.59802	65.0	77.3810	Retracement	Single	0	1	0.00000	0	true	78.60	1.2190	true		5185	125.00
NZDUSD	H4	2025-09-17T04:00:00	0.59893	0.59729	0.00164	Bear	0.59821	92.0	56.0976	Retracement	Inside	1	2	0.00000	0	true	61.80	5.7024	true		4012	125.00
NZDUSD	H4	2025-09-16T20:00:00	0.59863	0.59696	0.00167	Bull	0.59828	35.0	20.9581	Retracement	Single	0	1	0.00000	0	true	23.60	2.6419	true		4610	125.00
NZDUSD	H4	2025-09-16T16:00:00	0.59794	0.59648	0.00146	Bull	0.59696	98.0	67.1233	Retracement	Single	0	1	0.00000	0	true	61.80	5.3233	true		11514	125.00
NZDUSD	H4	2025-09-16T12:00:00	0.59798	0.59596	0.00202	Bull	0.59648	150.0	74.2574	Retracement	Inside	1	2	0.00000	0	true	78.60	4.3426	true		8416	125.00
NZDUSD	H4	2025-09-16T04:00:00	0.59708	0.59556	0.00152	Bear	0.59694	138.0	90.7895	Retracement	Single	0	1	0.00000	0	true	100.00	9.2105	true		5331	125.00
NZDUSD	H4	2025-09-15T04:00:00	0.59559	0.59443	0.00116	Bull	0.59518	41.0	35.3448	Retracement	Single	0	1	0.00000	0	true	38.20	2.8552	true		4064	125.00
NZDUSD	H4	2025-09-12T20:00:00	0.59576	0.59428	0.00148	Bull	0.59508	68.0	45.9459	Retracement	Single	0	1	0.00000	0	true	50.00	4.0541	true		3301	125.00
NZDUSD	H4	2025-09-12T12:00:00	0.59732	0.59489	0.00243	Bear	0.59578	89.0	36.6255	Retracement	Single	0	1	0.00000	0	true	38.20	1.5745	true		6433	125.00
NZDUSD	H4	2025-09-12T08:00:00	0.59762	0.59652	0.00110	Bear	0.59732	80.0	72.7273	Retracement	Single	0	1	0.00000	0	true	78.60	5.8727	true		6825	125.00
NZDUSD	H4	2025-09-11T20:00:00	0.59744	0.59376	0.00368	Bull	0.59688	56.0	15.2174	Retracement	Single	0	1	0.00000	0	true	23.60	8.3826	true		5279	125.00
NZDUSD	H4	2025-09-11T16:00:00	0.59447	0.59134	0.00313	Bull	0.59376	71.0	22.6837	Retracement	Single	0	1	0.00000	0	true	23.60	0.9163	true		16569	125.00
NZDUSD	H4	2025-09-10T16:00:00	0.59562	0.59346	0.00216	Bull	0.59390	172.0	79.6296	Retracement	Single	0	1	0.00000	0	true	78.60	1.0296	true		13908	125.00
NZDUSD	H4	2025-09-09T20:00:00	0.59561	0.59244	0.00317	Bear	0.59298	54.0	17.0347	Retracement	Single	0	1	0.00000	0	true	23.60	6.5653	true		4999	125.00
NZDUSD	H4	2025-09-09T16:00:00	0.59584	0.59382	0.00202	Bear	0.59561	179.0	88.6139	Retracement	Single	0	1	0.00000	0	true	78.60	10.0139	true		15335	125.00
NZDUSD	H4	2025-09-09T08:00:00	0.59494	0.59362	0.00132	Bull	0.59390	104.0	78.7879	Retracement	Single	0	1	0.00000	0	true	78.60	0.1879	true		9751	125.00
NZDUSD	H4	2025-09-09T04:00:00	0.59482	0.59315	0.00167	Bull	0.59362	120.0	71.8563	Retracement	Single	0	1	0.00000	0	true	78.60	6.7437	true		6854	125.00
NZDUSD	H4	2025-09-09T00:00:00	0.59417	0.59278	0.00139	Bull	0.59315	102.0	73.3813	Retracement	Single	0	1	0.00000	0	true	78.60	5.2187	true		4016	125.00
NZDUSD	H4	2025-09-08T12:00:00	0.59298	0.58993	0.00305	Bull	0.59175	123.0	40.3279	Retracement	Single	0	1	0.00000	0	true	38.20	2.1279	true		5819	125.00
NZDUSD	H4	2025-09-08T08:00:00	0.59032	0.58860	0.00172	Bull	0.58993	39.0	22.6744	Retracement	Single	0	1	0.00000	0	true	23.60	0.9256	true		7833	125.00
NZDUSD	H4	2025-09-08T00:00:00	0.58994	0.58859	0.00135	Bear	0.58917	58.0	42.9630	Retracement	Single	0	1	0.00000	0	true	38.20	4.7630	true		5123	125.00
NZDUSD	H4	2025-09-05T20:00:00	0.59166	0.58908	0.00258	Bear	0.58994	86.0	33.3333	Retracement	Single	0	1	0.00000	0	true	38.20	4.8667	true		5673	125.00
NZDUSD	H4	2025-09-05T12:00:00	0.58785	0.58577	0.00208	Bull	0.58708	77.0	37.0192	Retracement	Single	0	1	0.00000	0	true	38.20	1.1808	true		10742	125.00
NZDUSD	H4	2025-09-05T08:00:00	0.58637	0.58547	0.00090	Bull	0.58577	60.0	66.6667	Retracement	Single	0	1	0.00000	0	true	61.80	4.8667	true		5473	125.00
NZDUSD	H4	2025-09-05T04:00:00	0.58558	0.58380	0.00178	Bull	0.58547	11.0	6.1798	Retracement	Single	0	1	0.00000	0	true	23.60	17.4202	true		4285	125.00
NZDUSD	H4	2025-09-05T00:00:00	0.58458	0.58347	0.00111	Bull	0.58380	78.0	70.2703	Retracement	Single	0	1	0.00000	0	true	78.60	8.3297	true		3206	125.00
NZDUSD	H4	2025-09-04T16:00:00	0.58684	0.58443	0.00241	Bear	0.58579	136.0	56.4315	Retracement	Single	0	1	0.00000	0	true	61.80	5.3685	true		13593	125.00
NZDUSD	H4	2025-09-04T08:00:00	0.58888	0.58673	0.00215	Bear	0.58682	9.0	4.1860	Retracement	Single	0	1	0.00000	0	true	23.60	19.4140	true		6342	125.00
NZDUSD	H4	2025-09-03T16:00:00	0.58685	0.58547	0.00138	Bull	0.58603	82.0	59.4203	Retracement	Single	0	1	0.00000	0	true	61.80	2.3797	true		15665	125.00
NZDUSD	H4	2025-09-03T12:00:00	0.58662	0.58403	0.00259	Bull	0.58547	115.0	44.4015	Retracement	Single	0	1	0.00000	0	true	50.00	5.5985	true		8803	125.00
NZDUSD	H4	2025-09-03T08:00:00	0.58623	0.58531	0.00092	Bull	0.58403	220.0	239.1304	Extension	Engulf	0	1	0.00000	0	true	100.00	139.1304	true		9758	125.00
NZDUSD	H4	2025-09-03T00:00:00	0.58665	0.58556	0.00109	Bear	0.58656	100.0	91.7431	Retracement	Single	0	1	0.00000	0	true	100.00	8.2569	true		3431	125.00
NZDUSD	H4	2025-09-02T12:00:00	0.58875	0.58480	0.00395	Bear	0.58583	103.0	26.0759	Retracement	Single	0	1	0.00000	0	true	23.60	2.4759	true		14888	125.00
NZDUSD	H4	2025-09-02T08:00:00	0.59018	0.58800	0.00218	Bear	0.58875	75.0	34.4037	Retracement	Single	0	1	0.00000	0	true	38.20	3.7963	true		12407	125.00
NZDUSD	H4	2025-08-29T08:00:00	0.58938	0.58805	0.00133	Bull	0.58842	96.0	72.1805	Retracement	Single	0	1	0.00000	0	true	78.60	6.4195	true		6779	125.00
NZDUSD	H4	2025-08-29T04:00:00	0.58866	0.58775	0.00091	Bull	0.58805	61.0	67.0330	Retracement	Single	0	1	0.00000	0	true	61.80	5.2330	true		7012	125.00
NZDUSD	H4	2025-08-28T16:00:00	0.58771	0.58620	0.00151	Bull	0.58644	127.0	84.1060	Retracement	Single	0	1	0.00000	0	true	78.60	5.5060	true		12330	125.00
NZDUSD	H4	2025-08-28T12:00:00	0.58661	0.58525	0.00136	Bull	0.58620	41.0	30.1471	Retracement	Single	0	1	0.00000	0	true	23.60	6.5471	true		8864	125.00
NZDUSD	H4	2025-08-28T08:00:00	0.58667	0.58538	0.00129	Bull	0.58525	142.0	110.0775	Extension	Single	0	1	0.00000	0	true	100.00	10.0775	true		9253	125.00
NZDUSD	H4	2025-08-28T04:00:00	0.58624	0.58405	0.00219	Bull	0.58538	86.0	39.2694	Retracement	Single	0	1	0.00000	0	true	38.20	1.0694	true		8887	125.00
NZDUSD	H4	2025-08-27T12:00:00	0.58475	0.58240	0.00235	Bear	0.58313	73.0	31.0638	Retracement	Single	0	1	0.00000	0	true	38.20	7.1362	true		6492	125.00
NZDUSD	H4	2025-08-27T08:00:00	0.58572	0.58414	0.00158	Bear	0.58475	61.0	38.6076	Retracement	Single	0	1	0.00000	0	true	38.20	0.4076	true		6777	125.00
NZDUSD	H4	2025-08-26T16:00:00	0.58577	0.58380	0.00197	Bull	0.58462	115.0	58.3756	Retracement	Single	0	1	0.00000	0	true	61.80	3.4244	true		11246	125.00
NZDUSD	H4	2025-08-26T04:00:00	0.58681	0.58426	0.00255	Bear	0.58564	138.0	54.1176	Retracement	Single	0	1	0.00000	0	true	50.00	4.1176	true		8907	125.00
NZDUSD	H4	2025-08-26T00:00:00	0.58622	0.58443	0.00179	Bear	0.58681	238.0	132.9609	Extension	Engulf	0	1	0.00000	0	true	100.00	32.9609	true		8562	125.00
NZDUSD	H4	2025-08-25T20:00:00	0.58762	0.58604	0.00158	Bear	0.58622	18.0	11.3924	Retracement	Single	0	1	0.00000	0	true	23.60	12.2076	true		6186	125.00
NZDUSD	H4	2025-08-25T16:00:00	0.58719	0.58553	0.00166	Bear	0.58762	209.0	125.9036	Extension	Single	0	1	0.00000	0	true	100.00	25.9036	true		9756	125.00
NZDUSD	H4	2025-08-25T08:00:00	0.58660	0.58509	0.00151	Bull	0.58623	37.0	24.5033	Retracement	Single	0	1	0.00000	0	true	23.60	0.9033	true		7035	125.00
NZDUSD	H4	2025-08-25T04:00:00	0.58691	0.58440	0.00251	Bull	0.58509	182.0	72.5100	Retracement	Inside	1	2	0.00000	0	true	78.60	6.0900	true		6124	125.00
NZDUSD	H4	2025-08-22T04:00:00	0.58215	0.58101	0.00114	Bear	0.58195	94.0	82.4561	Retracement	Single	0	1	0.00000	0	true	78.60	3.8561	true		7400	125.00
NZDUSD	H4	2025-08-21T16:00:00	0.58308	0.58159	0.00149	Bear	0.58271	112.0	75.1678	Retracement	Single	0	1	0.00000	0	true	78.60	3.4322	true		16554	125.00
NZDUSD	H4	2025-08-20T12:00:00	0.58343	0.58138	0.00205	Bull	0.58206	137.0	66.8293	Retracement	Single	0	1	0.00000	0	true	61.80	5.0293	true		8334	125.00
NZDUSD	H4	2025-08-20T04:00:00	0.58970	0.58886	0.00084	Bear	0.58945	59.0	70.2381	Retracement	Single	0	1	0.00000	0	true	78.60	8.3619	true		13839	125.00
NZDUSD	H4	2025-08-20T00:00:00	0.59026	0.58901	0.00125	Bear	0.58970	69.0	55.2000	Retracement	Single	0	1	0.00000	0	true	50.00	5.2000	true		4692	125.00
NZDUSD	H4	2025-08-19T20:00:00	0.59215	0.58972	0.00243	Bear	0.59026	54.0	22.2222	Retracement	Single	0	1	0.00000	0	true	23.60	1.3778	true		4674	125.00
NZDUSD	H4	2025-08-19T08:00:00	0.59279	0.59152	0.00127	Bear	0.59294	142.0	111.8110	Extension	Engulf	0	1	0.00000	0	true	100.00	11.8110	true		9025	125.00
NZDUSD	H4	2025-08-19T00:00:00	0.59246	0.59170	0.00076	Bull	0.59139	107.0	140.7895	Extension	Engulf	0	1	0.00000	0	true	100.00	40.7895	true		3922	125.00
NZDUSD	H4	2025-08-18T16:00:00	0.59400	0.59285	0.00115	Bear	0.59312	27.0	23.4783	Retracement	Single	0	1	0.00000	0	true	23.60	0.1217	true		9858	125.00
NZDUSD	H4	2025-08-18T08:00:00	0.59400	0.59271	0.00129	Bull	0.59283	117.0	90.6977	Retracement	Single	0	1	0.00000	0	true	100.00	9.3023	true		7881	125.00
NZDUSD	H4	2025-08-18T04:00:00	0.59354	0.59153	0.00201	Bull	0.59271	83.0	41.2935	Retracement	Single	0	1	0.00000	0	true	38.20	3.0935	true		6618	125.00
NZDUSD	H4	2025-08-15T20:00:00	0.59380	0.59232	0.00148	Bear	0.59258	26.0	17.5676	Retracement	Single	0	1	0.00000	0	true	23.60	6.0324	true		4118	125.00
NZDUSD	H4	2025-08-15T12:00:00	0.59289	0.59148	0.00141	Bull	0.59165	124.0	87.9433	Retracement	Single	0	1	0.00000	0	true	78.60	9.3433	true		7664	125.00
NZDUSD	H4	2025-08-14T16:00:00	0.59545	0.59280	0.00265	Bear	0.59307	27.0	10.1887	Retracement	Single	0	1	0.00000	0	true	23.60	13.4113	true		18005	125.00
NZDUSD	H4	2025-08-14T12:00:00	0.59762	0.59466	0.00296	Bear	0.59545	79.0	26.6892	Retracement	Single	0	1	0.00000	0	true	23.60	3.0892	true		11669	125.00
NZDUSD	H4	2025-08-14T08:00:00	0.59900	0.59705	0.00195	Bear	0.59762	57.0	29.2308	Retracement	Single	0	1	0.00000	0	true	23.60	5.6308	true		10697	125.00
NZDUSD	H4	2025-08-13T20:00:00	0.59875	0.59730	0.00145	Bear	0.59769	39.0	26.8966	Retracement	Single	0	1	0.00000	0	true	23.60	3.2966	true		4480	125.00
NZDUSD	H4	2025-08-13T16:00:00	0.59947	0.59738	0.00209	Bear	0.59875	137.0	65.5502	Retracement	Single	0	1	0.00000	0	true	61.80	3.7502	true		10941	125.00
NZDUSD	H4	2025-08-13T08:00:00	0.59602	0.59437	0.00165	Bull	0.59522	80.0	48.4848	Retracement	Single	0	1	0.00000	0	true	50.00	1.5152	true		8721	125.00
NZDUSD	H4	2025-08-13T04:00:00	0.59575	0.59473	0.00102	Bull	0.59437	138.0	135.2941	Extension	Engulf	0	1	0.00000	0	true	100.00	35.2941	true		5834	125.00
NZDUSD	H4	2025-08-12T16:00:00	0.59444	0.59119	0.00325	Bull	0.59207	237.0	72.9231	Retracement	Single	0	1	0.00000	0	true	78.60	5.6769	true		23465	125.00
NZDUSD	H4	2025-08-12T08:00:00	0.59450	0.59276	0.00174	Bear	0.59385	109.0	62.6437	Retracement	Single	0	1	0.00000	0	true	61.80	0.8437	true		10656	125.00
NZDUSD	H4	2025-08-12T00:00:00	0.59387	0.59282	0.00105	Bull	0.59312	75.0	71.4286	Retracement	Single	0	1	0.00000	0	true	78.60	7.1714	true		4125	125.00
NZDUSD	H4	2025-08-11T20:00:00	0.59375	0.59247	0.00128	Bull	0.59282	93.0	72.6563	Retracement	Single	0	1	0.00000	0	true	78.60	5.9437	true		5062	125.00
NZDUSD	H4	2025-08-11T12:00:00	0.59554	0.59380	0.00174	Bear	0.59459	79.0	45.4023	Retracement	Single	0	1	0.00000	0	true	50.00	4.5977	true		7421	125.00
NZDUSD	H4	2025-08-08T16:00:00	0.59581	0.59470	0.00111	Bear	0.59619	149.0	134.2342	Extension	Single	0	1	0.00000	0	true	100.00	34.2342	true		10753	125.00
NZDUSD	H4	2025-08-08T12:00:00	0.59672	0.59483	0.00189	Bear	0.59581	98.0	51.8519	Retracement	Single	0	1	0.00000	0	true	50.00	1.8519	true		8645	125.00
NZDUSD	H4	2025-08-08T08:00:00	0.59668	0.59523	0.00145	Bear	0.59672	149.0	102.7586	Extension	Engulf	0	1	0.00000	0	true	100.00	2.7586	true		8789	125.00
NZDUSD	H4	2025-08-08T00:00:00	0.59627	0.59373	0.00254	Bull	0.59434	193.0	75.9843	Retracement	Single	0	1	0.00000	0	true	78.60	2.6157	true		6912	125.00
NZDUSD	H4	2025-08-07T16:00:00	0.59602	0.59440	0.00162	Bear	0.59601	161.0	99.3827	Retracement	Single	0	1	0.00000	0	true	100.00	0.6173	true		17969	125.00
NZDUSD	H4	2025-08-07T08:00:00	0.59504	0.59263	0.00241	Bull	0.59415	89.0	36.9295	Retracement	Single	0	1	0.00000	0	true	38.20	1.2705	true		10185	125.00
NZDUSD	H4	2025-08-07T04:00:00	0.59334	0.59216	0.00118	Bull	0.59263	71.0	60.1695	Retracement	Single	0	1	0.00000	0	true	61.80	1.6305	true		7845	125.00
NZDUSD	H4	2025-08-06T20:00:00	0.59370	0.59200	0.00170	Bear	0.59401	201.0	118.2353	Extension	Single	0	1	0.00000	0	true	100.00	18.2353	true		7510	125.00
NZDUSD	H4	2025-08-06T04:00:00	0.59142	0.58892	0.00250	Bull	0.59034	108.0	43.2000	Retracement	Single	0	1	0.00000	0	true	38.20	5.0000	true		6584	125.00
NZDUSD	H4	2025-08-06T00:00:00	0.59012	0.58899	0.00113	Bull	0.58892	120.0	106.1947	Extension	Engulf	0	1	0.00000	0	true	100.00	6.1947	true		5387	125.00
NZDUSD	H4	2025-08-05T20:00:00	0.59038	0.58850	0.00188	Bull	0.58892	146.0	77.6596	Retracement	Inside	1	2	0.00000	0	true	78.60	0.9404	true		6720	125.00
NZDUSD	H4	2025-08-05T16:00:00	0.58953	0.58801	0.00152	Bull	0.58850	103.0	67.7632	Retracement	Single	0	1	0.00000	0	true	61.80	5.9632	true		19836	125.00
NZDUSD	H4	2025-08-05T08:00:00	0.59144	0.58902	0.00242	Bear	0.59019	117.0	48.3471	Retracement	Single	0	1	0.00000	0	true	50.00	1.6529	true		10937	125.00
NZDUSD	H4	2025-08-04T04:00:00	0.59183	0.59015	0.00168	Bull	0.59025	158.0	94.0476	Retracement	Single	0	1	0.00000	0	true	100.00	5.9524	true		11344	125.00
NZDUSD	H4	2025-08-04T00:00:00	0.59211	0.58881	0.00330	Bull	0.59015	196.0	59.3939	Retracement	Inside	1	2	0.00000	0	true	61.80	2.4061	true		7785	125.00
NZDUSD	H4	2025-08-01T08:00:00	0.58915	0.58730	0.00185	Bear	0.58831	101.0	54.5946	Retracement	Single	0	1	0.00000	0	true	50.00	4.5946	true		10384	125.00
NZDUSD	H4	2025-08-01T04:00:00	0.58930	0.58813	0.00117	Bear	0.58915	102.0	87.1795	Retracement	Single	0	1	0.00000	0	true	78.60	8.5795	true		9343	125.00
NZDUSD	H4	2025-07-31T20:00:00	0.59034	0.58887	0.00147	Bear	0.58969	82.0	55.7823	Retracement	Single	0	1	0.00000	0	true	50.00	5.7823	true		8273	125.00
NZDUSD	H4	2025-07-31T16:00:00	0.59129	0.58943	0.00186	Bear	0.59034	91.0	48.9247	Retracement	Single	0	1	0.00000	0	true	50.00	1.0753	true		16472	125.00
NZDUSD	H4	2025-07-31T12:00:00	0.59360	0.59086	0.00274	Bear	0.59129	43.0	15.6934	Retracement	Single	0	1	0.00000	0	true	23.60	7.9066	true		10654	125.00
NZDUSD	H4	2025-07-31T04:00:00	0.59094	0.58910	0.00184	Bull	0.58965	129.0	70.1087	Retracement	Single	0	1	0.00000	0	true	61.80	8.3087	true		10964	125.00
NZDUSD	H4	2025-07-30T20:00:00	0.59257	0.59074	0.00183	Bear	0.59286	212.0	115.8470	Extension	Engulf	0	1	0.00000	0	true	100.00	15.8470	true		20515	125.00
NZDUSD	H4	2025-07-30T16:00:00	0.59596	0.59232	0.00364	Bear	0.59257	25.0	6.8681	Retracement	Single	0	1	0.00000	0	true	23.60	16.7319	true		14810	125.00
NZDUSD	H4	2025-07-30T12:00:00	0.59656	0.59501	0.00155	Bear	0.59596	95.0	61.2903	Retracement	Single	0	1	0.00000	0	true	61.80	0.5097	true		10650	125.00
NZDUSD	H4	2025-07-30T08:00:00	0.59704	0.59574	0.00130	Bear	0.59656	82.0	63.0769	Retracement	Single	0	1	0.00000	0	true	61.80	1.2769	true		9725	125.00
NZDUSD	H4	2025-07-30T00:00:00	0.59603	0.59507	0.00096	Bull	0.59483	120.0	125.0000	Extension	Engulf	0	1	0.00000	0	true	100.00	25.0000	true		4976	125.00
NZDUSD	H4	2025-07-29T20:00:00	0.59573	0.59413	0.00160	Bull	0.59507	66.0	41.2500	Retracement	Single	0	1	0.00000	0	true	38.20	3.0500	true		7434	125.00
NZDUSD	H4	2025-07-29T12:00:00	0.59708	0.59444	0.00264	Bear	0.59630	186.0	70.4545	Retracement	Single	0	1	0.00000	0	true	78.60	8.1455	true		10286	125.00
NZDUSD	H4	2025-07-28T20:00:00	0.59873	0.59672	0.00201	Bear	0.59722	50.0	24.8756	Retracement	Single	0	1	0.00000	0	true	23.60	1.2756	true		5805	125.00
NZDUSD	H4	2025-07-28T08:00:00	0.60318	0.60070	0.00248	Bear	0.60117	47.0	18.9516	Retracement	Single	0	1	0.00000	0	true	23.60	4.6484	true		12686	125.00
NZDUSD	H4	2025-07-25T20:00:00	0.60139	0.59966	0.00173	Bull	0.60076	63.0	36.4162	Retracement	Single	0	1	0.00000	0	true	38.20	1.7838	true		4187	125.00
NZDUSD	H4	2025-07-25T12:00:00	0.60300	0.60050	0.00250	Bear	0.60150	100.0	40.0000	Retracement	Single	0	1	0.00000	0	true	38.20	1.8000	true		8279	125.00
NZDUSD	H4	2025-07-25T08:00:00	0.60351	0.60139	0.00212	Bear	0.60300	161.0	75.9434	Retracement	Single	0	1	0.00000	0	true	78.60	2.6566	true		11061	125.00
NZDUSD	H4	2025-07-24T20:00:00	0.60551	0.60331	0.00220	Bear	0.60431	100.0	45.4545	Retracement	Single	0	1	0.00000	0	true	50.00	4.5455	true		5084	125.00
NZDUSD	H4	2025-07-24T16:00:00	0.60547	0.60403	0.00144	Bear	0.60551	148.0	102.7778	Extension	Engulf	0	1	0.00000	0	true	100.00	2.7778	true		15988	125.00
NZDUSD	H4	2025-07-24T08:00:00	0.60582	0.60433	0.00149	Bull	0.60432	150.0	100.6711	Extension	Single	0	1	0.00000	0	true	100.00	0.6711	true		10951	125.00
NZDUSD	H4	2025-07-24T04:00:00	0.60503	0.60367	0.00136	Bull	0.60433	70.0	51.4706	Retracement	Single	0	1	0.00000	0	true	50.00	1.4706	true		8795	125.00
NZDUSD	H4	2025-07-24T00:00:00	0.60463	0.60273	0.00190	Bull	0.60367	96.0	50.5263	Retracement	Single	0	1	0.00000	0	true	50.00	0.5263	true		4669	125.00
NZDUSD	H4	2025-07-23T12:00:00	0.60336	0.60124	0.00212	Bull	0.60282	54.0	25.4717	Retracement	Single	0	1	0.00000	0	true	23.60	1.8717	true		8142	125.00
NZDUSD	H4	2025-07-23T08:00:00	0.60171	0.59963	0.00208	Bull	0.60124	47.0	22.5962	Retracement	Single	0	1	0.00000	0	true	23.60	1.0038	true		9409	125.00
NZDUSD	H4	2025-07-23T04:00:00	0.60073	0.59832	0.00241	Bull	0.59963	110.0	45.6432	Retracement	Single	0	1	0.00000	0	true	50.00	4.3568	true		10307	125.00
NZDUSD	H4	2025-07-22T20:00:00	0.60031	0.59633	0.00398	Bull	0.59832	199.0	50.0000	Retracement	Inside	1	2	0.00000	0	true	50.00	0.0000	true		5118	125.00
NZDUSD	H4	2025-07-22T16:00:00	0.59656	0.59441	0.00215	Bull	0.59633	23.0	10.6977	Retracement	Single	0	1	0.00000	0	true	23.60	12.9023	true		15888	125.00
NZDUSD	H4	2025-07-22T08:00:00	0.59656	0.59548	0.00108	Bear	0.59586	38.0	35.1852	Retracement	Single	0	1	0.00000	0	true	38.20	3.0148	true		7715	125.00
NZDUSD	H4	2025-07-22T04:00:00	0.59705	0.59562	0.00143	Bear	0.59656	94.0	65.7343	Retracement	Single	0	1	0.00000	0	true	61.80	3.9343	true		5572	125.00
NZDUSD	H4	2025-07-21T16:00:00	0.59752	0.59512	0.00240	Bull	0.59617	135.0	56.2500	Retracement	Single	0	1	0.00000	0	true	61.80	5.5500	true		10675	125.00
NZDUSD	H4	2025-07-21T12:00:00	0.59660	0.59493	0.00167	Bull	0.59512	148.0	88.6228	Retracement	Single	0	1	0.00000	0	true	78.60	10.0228	true		7317	125.00
NZDUSD	H4	2025-07-21T08:00:00	0.59510	0.59374	0.00136	Bull	0.59493	17.0	12.5000	Retracement	Single	0	1	0.00000	0	true	23.60	11.1000	true		7773	125.00
NZDUSD	H4	2025-07-18T20:00:00	0.59899	0.59635	0.00264	Bear	0.59653	18.0	6.8182	Retracement	Single	0	1	0.00000	0	true	23.60	16.7818	true		4134	125.00
NZDUSD	H4	2025-07-18T12:00:00	0.59662	0.59463	0.00199	Bull	0.59632	30.0	15.0754	Retracement	Single	0	1	0.00000	0	true	23.60	8.5246	true		7163	125.00
NZDUSD	H4	2025-07-18T08:00:00	0.59624	0.59493	0.00131	Bull	0.59463	161.0	122.9008	Extension	Engulf	0	1	0.00000	0	true	100.00	22.9008	true		7433	125.00
NZDUSD	H4	2025-07-18T04:00:00	0.59548	0.59243	0.00305	Bull	0.59493	55.0	18.0328	Retracement	Single	0	1	0.00000	0	true	23.60	5.5672	true		6992	125.00
NZDUSD	H4	2025-07-17T20:00:00	0.59311	0.59099	0.00212	Bull	0.59220	91.0	42.9245	Retracement	Gap	1	2	0.00001	0	true	38.20	4.7245	true		4432	125.00
NZDUSD	H4	2025-07-17T12:00:00	0.59326	0.59084	0.00242	Bear	0.59260	176.0	72.7273	Retracement	Single	0	1	0.00000	0	true	78.60	5.8727	true		8368	125.00
NZDUSD	H4	2025-07-17T08:00:00	0.59409	0.59105	0.00304	Bear	0.59326	221.0	72.6974	Retracement	Single	0	1	0.00000	0	true	78.60	5.9026	true		9949	125.00
NZDUSD	H4	2025-07-17T04:00:00	0.59473	0.59285	0.00188	Bear	0.59409	124.0	65.9574	Retracement	Single	0	1	0.00000	0	true	61.80	4.1574	true		9203	125.00
NZDUSD	H4	2025-07-16T12:00:00	0.59541	0.59388	0.00153	Bear	0.59477	89.0	58.1699	Retracement	Single	0	1	0.00000	0	true	61.80	3.6301	true		8708	125.00
NZDUSD	H4	2025-07-16T08:00:00	0.59628	0.59430	0.00198	Bear	0.59541	111.0	56.0606	Retracement	Single	0	1	0.00000	0	true	61.80	5.7394	true		7325	125.00
NZDUSD	H4	2025-07-16T00:00:00	0.59501	0.59397	0.00104	Bull	0.59425	76.0	73.0769	Retracement	Single	0	1	0.00000	0	true	78.60	5.5231	true		4344	125.00
NZDUSD	H4	2025-07-15T12:00:00	0.59986	0.59742	0.00244	Bull	0.59860	126.0	51.6393	Retracement	Single	0	1	0.00000	0	true	50.00	1.6393	true		9279	125.00
NZDUSD	H4	2025-07-14T16:00:00	0.59952	0.59798	0.00154	Bear	0.59879	81.0	52.5974	Retracement	Single	0	1	0.00000	0	true	50.00	2.5974	true		9600	125.00
NZDUSD	H4	2025-07-10T20:00:00	0.60240	0.59953	0.00287	Bull	0.60193	47.0	16.3763	Retracement	Single	0	1	0.00000	0	true	23.60	7.2237	true		4704	125.00
NZDUSD	H4	2025-07-10T04:00:00	0.60104	0.59953	0.00151	Bull	0.59995	109.0	72.1854	Retracement	Inside	1	2	0.00000	0	true	78.60	6.4146	true		6173	125.00
NZDUSD	H4	2025-07-10T00:00:00	0.60058	0.59905	0.00153	Bull	0.59953	105.0	68.6275	Retracement	Single	0	1	0.00000	0	true	61.80	6.8275	true		5579	125.00
NZDUSD	H4	2025-07-09T16:00:00	0.60024	0.59800	0.00224	Bear	0.60075	275.0	122.7679	Extension	Single	0	1	0.00000	0	true	100.00	22.7679	true		11827	125.00
NZDUSD	H4	2025-07-09T12:00:00	0.60093	0.59881	0.00212	Bear	0.60024	143.0	67.4528	Retracement	Single	0	1	0.00000	0	true	61.80	5.6528	true		8125	125.00
NZDUSD	H4	2025-07-08T16:00:00	0.60221	0.60045	0.00176	Bear	0.60101	56.0	31.8182	Retracement	Single	0	1	0.00000	0	true	38.20	6.3818	true		15950	125.00
NZDUSD	H4	2025-07-08T04:00:00	0.60153	0.59889	0.00264	Bull	0.60026	127.0	48.1061	Retracement	Single	0	1	0.00000	0	true	50.00	1.8939	true		8446	125.00
NZDUSD	H4	2025-07-07T20:00:00	0.60156	0.59911	0.00245	Bear	0.60044	133.0	54.2857	Retracement	Single	0	1	0.00000	0	true	50.00	4.2857	true		8626	125.00
NZDUSD	H4	2025-07-07T08:00:00	0.60431	0.60081	0.00350	Bear	0.60156	75.0	21.4286	Retracement	Single	0	1	0.00000	0	true	23.60	2.1714	true		9649	125.00
NZDUSD	H4	2025-07-07T04:00:00	0.60580	0.60385	0.00195	Bear	0.60431	46.0	23.5897	Retracement	Single	0	1	0.00000	0	true	23.60	0.0103	true		8394	125.00
NZDUSD	H4	2025-07-04T12:00:00	0.60783	0.60561	0.00222	Bear	0.60665	104.0	46.8468	Retracement	Single	0	1	0.00000	0	true	50.00	3.1532	true		7131	125.00
NZDUSD	H4	2025-07-04T08:00:00	0.60802	0.60623	0.00179	Bear	0.60783	160.0	89.3855	Retracement	Single	0	1	0.00000	0	true	100.00	10.6145	true		8395	125.00
NZDUSD	H4	2025-07-03T20:00:00	0.60758	0.60359	0.00399	Bull	0.60584	174.0	43.6090	Retracement	Inside	1	2	0.00000	0	true	38.20	5.4090	true		1611	125.00
NZDUSD	H4	2025-07-03T00:00:00	0.60914	0.60767	0.00147	Bull	0.60803	111.0	75.5102	Retracement	Single	0	1	0.00000	0	true	78.60	3.0898	true		3869	125.00
NZDUSD	H4	2025-07-02T20:00:00	0.60793	0.60503	0.00290	Bull	0.60767	26.0	8.9655	Retracement	Single	0	1	0.00000	0	true	23.60	14.6345	true		4570	125.00
NZDUSD	H4	2025-07-02T12:00:00	0.61015	0.60730	0.00285	Bear	0.60767	37.0	12.9825	Retracement	Single	0	1	0.00000	0	true	23.60	10.6175	true		12230	125.00
NZDUSD	H4	2025-07-02T08:00:00	0.61048	0.60891	0.00157	Bear	0.61015	124.0	78.9809	Retracement	Single	0	1	0.00000	0	true	78.60	0.3809	true		8430	125.00
NZDUSD	H4	2025-07-02T00:00:00	0.60981	0.60807	0.00174	Bull	0.60900	81.0	46.5517	Retracement	Single	0	1	0.00000	0	true	50.00	3.4483	true		4204	125.00
NZDUSD	H4	2025-07-01T16:00:00	0.61191	0.60987	0.00204	Bear	0.61039	52.0	25.4902	Retracement	Single	0	1	0.00000	0	true	23.60	1.8902	true		17989	125.00
NZDUSD	H4	2025-07-01T00:00:00	0.60976	0.60827	0.00149	Bull	0.60728	248.0	166.4430	Extension	Single	0	1	0.00000	0	true	100.00	66.4430	true		4121	125.00
NZDUSD	H4	2025-06-30T20:00:00	0.60895	0.60557	0.00338	Bull	0.60827	68.0	20.1183	Retracement	Single	0	1	0.00000	0	true	23.60	3.4817	true		5627	125.00
NZDUSD	H4	2025-06-30T12:00:00	0.60845	0.60614	0.00231	Bear	0.60707	93.0	40.2597	Retracement	Single	0	1	0.00000	0	true	38.20	2.0597	true		8609	125.00
NZDUSD	H4	2025-06-30T04:00:00	0.60696	0.60461	0.00235	Bull	0.60599	97.0	41.2766	Retracement	Single	0	1	0.00000	0	true	38.20	3.0766	true		9810	125.00
NZDUSD	H4	2025-06-27T20:00:00	0.60716	0.60508	0.00208	Bear	0.60624	116.0	55.7692	Retracement	Single	0	1	0.00000	0	true	50.00	5.7692	true		8395	125.00
NZDUSD	H4	2025-06-27T16:00:00	0.60722	0.60528	0.00194	Bear	0.60716	188.0	96.9072	Retracement	Single	0	1	0.00000	0	true	100.00	3.0928	true		14002	125.00
NZDUSD	H4	2025-06-26T08:00:00	0.60644	0.60279	0.00365	Bull	0.60412	232.0	63.5616	Retracement	Single	0	1	0.00000	0	true	61.80	1.7616	true		13531	125.00
NZDUSD	H4	2025-06-26T04:00:00	0.60563	0.60242	0.00321	Bull	0.60279	284.0	88.4735	Retracement	Single	0	1	0.00000	0	true	78.60	9.8735	true		10752	125.00
NZDUSD	H4	2025-06-26T00:00:00	0.60412	0.60224	0.00188	Bull	0.60242	170.0	90.4255	Retracement	Single	0	1	0.00000	0	true	100.00	9.5745	true		5142	125.00
NZDUSD	H4	2025-06-25T20:00:00	0.60283	0.60088	0.00195	Bull	0.60224	59.0	30.2564	Retracement	Single	0	1	0.00000	0	true	23.60	6.6564	true		6333	125.00
NZDUSD	H4	2025-06-25T04:00:00	0.60198	0.59998	0.00200	Bull	0.60126	72.0	36.0000	Retracement	Single	0	1	0.00000	0	true	38.20	2.2000	true		9664	125.00
NZDUSD	H4	2025-06-24T20:00:00	0.60401	0.60080	0.00321	Bear	0.60233	153.0	47.6636	Retracement	Single	0	1	0.00000	0	true	50.00	2.3364	true		5146	125.00
NZDUSD	H4	2025-06-24T12:00:00	0.60326	0.60065	0.00261	Bull	0.60209	117.0	44.8276	Retracement	Single	0	1	0.00000	0	true	50.00	5.1724	true		10393	125.00
NZDUSD	H4	2025-06-24T08:00:00	0.60162	0.59883	0.00279	Bull	0.60065	97.0	34.7670	Retracement	Single	0	1	0.00000	0	true	38.20	3.4330	true		16206	125.00
NZDUSD	H4	2025-06-24T04:00:00	0.60006	0.59592	0.00414	Bull	0.59883	123.0	29.7101	Retracement	Single	0	1	0.00000	0	true	23.60	6.1101	true		11395	125.00
NZDUSD	H4	2025-06-24T00:00:00	0.59794	0.59370	0.00424	Bull	0.59592	202.0	47.6415	Retracement	Single	0	1	0.00000	0	true	50.00	2.3585	true		9972	125.00
NZDUSD	H4	2025-06-23T20:00:00	0.59538	0.58910	0.00628	Bull	0.59370	168.0	26.7516	Retracement	Single	0	1	0.00000	0	true	23.60	3.1516	true		13880	125.00
NZDUSD	H4	2025-06-23T12:00:00	0.59340	0.59106	0.00234	Bear	0.59124	18.0	7.6923	Retracement	Single	0	1	0.00000	0	true	23.60	15.9077	true		15746	125.00
NZDUSD	H4	2025-06-23T08:00:00	0.59569	0.59147	0.00422	Bear	0.59340	193.0	45.7346	Retracement	Single	0	1	0.00000	0	true	50.00	4.2654	true		14482	125.00
NZDUSD	H4	2025-06-20T20:00:00	0.59921	0.59627	0.00294	Bear	0.59753	126.0	42.8571	Retracement	Single	0	1	0.00000	0	true	38.20	4.6571	true		5161	125.00
NZDUSD	H4	2025-06-20T16:00:00	0.60000	0.59854	0.00146	Bear	0.59921	67.0	45.8904	Retracement	Single	0	1	0.00000	0	true	50.00	4.1096	true		13442	125.00
NZDUSD	H4	2025-06-20T12:00:00	0.60080	0.59894	0.00186	Bear	0.60000	106.0	56.9892	Retracement	Single	0	1	0.00000	0	true	61.80	4.8108	true		9531	125.00
NZDUSD	H4	2025-06-20T04:00:00	0.60049	0.59732	0.00317	Bull	0.59858	191.0	60.2524	Retracement	Single	0	1	0.00000	0	true	61.80	1.5476	true		7101	125.00
NZDUSD	H4	2025-06-20T00:00:00	0.59915	0.59644	0.00271	Bull	0.59732	183.0	67.5277	Retracement	Single	0	1	0.00000	0	true	61.80	5.7277	true		5095	125.00
NZDUSD	H4	2025-06-19T16:00:00	0.59876	0.59671	0.00205	Bear	0.59800	129.0	62.9268	Retracement	Single	0	1	0.00000	0	true	61.80	1.1268	true		10708	125.00
NZDUSD	H4	2025-06-19T12:00:00	0.59951	0.59628	0.00323	Bear	0.59876	248.0	76.7802	Retracement	Inside	1	2	0.00000	0	true	78.60	1.8198	true		10693	125.00
NZDUSD	H4	2025-06-19T08:00:00	0.60182	0.59813	0.00369	Bear	0.59951	138.0	37.3984	Retracement	Single	0	1	0.00000	0	true	38.20	0.8016	true		13908	125.00
NZDUSD	H4	2025-06-19T04:00:00	0.60321	0.60160	0.00161	Bear	0.60182	22.0	13.6646	Retracement	Single	0	1	0.00000	0	true	23.60	9.9354	true		12652	125.00
NZDUSD	H4	2025-06-19T00:00:00	0.60556	0.60154	0.00402	Bear	0.60321	167.0	41.5423	Retracement	Inside	1	2	0.00000	0	true	38.20	3.3423	true		5517	125.00
NZDUSD	H4	2025-06-18T16:00:00	0.60319	0.60165	0.00154	Bull	0.60194	125.0	81.1688	Retracement	Single	0	1	0.00000	0	true	78.60	2.5688	true		18481	125.00
NZDUSD	H4	2025-06-18T00:00:00	0.60371	0.60087	0.00284	Bear	0.60302	215.0	75.7042	Retracement	Single	0	1	0.00000	0	true	78.60	2.8958	true		7251	125.00
NZDUSD	H4	2025-06-17T20:00:00	0.60739	0.60336	0.00403	Bear	0.60371	35.0	8.6849	Retracement	Single	0	1	0.00000	0	true	23.60	14.9151	true		12837	125.00
NZDUSD	H4	2025-06-17T16:00:00	0.60785	0.60587	0.00198	Bear	0.60739	152.0	76.7677	Retracement	Single	0	1	0.00000	0	true	78.60	1.8323	true		17531	125.00
NZDUSD	H4	2025-06-17T08:00:00	0.60711	0.60482	0.00229	Bull	0.60579	132.0	57.6419	Retracement	Single	0	1	0.00000	0	true	61.80	4.1581	true		12714	125.00
NZDUSD	H4	2025-06-17T00:00:00	0.60782	0.60562	0.00220	Bear	0.60610	48.0	21.8182	Retracement	Single	0	1	0.00000	0	true	23.60	1.7818	true		7875	125.00
NZDUSD	H4	2025-06-16T16:00:00	0.60585	0.60356	0.00229	Bull	0.60557	28.0	12.2271	Retracement	Single	0	1	0.00000	0	true	23.60	11.3729	true		16576	125.00
NZDUSD	H4	2025-06-16T12:00:00	0.60397	0.60141	0.00256	Bull	0.60356	41.0	16.0156	Retracement	Single	0	1	0.00000	0	true	23.60	7.5844	true		8894	125.00
NZDUSD	H4	2025-06-13T04:00:00	0.60678	0.60079	0.00599	Bear	0.60429	350.0	58.4307	Retracement	Single	0	1	0.00000	0	true	61.80	3.3693	true		18553	125.00
NZDUSD	H4	2025-06-12T12:00:00	0.60419	0.60045	0.00374	Bull	0.60296	123.0	32.8877	Retracement	Single	0	1	0.00000	0	true	38.20	5.3123	true		15560	125.00
NZDUSD	H4	2025-06-12T08:00:00	0.60406	0.60147	0.00259	Bull	0.60045	361.0	139.3822	Extension	Engulf	0	1	0.00000	0	true	100.00	39.3822	true		13124	125.00
NZDUSD	H4	2025-06-12T04:00:00	0.60373	0.60207	0.00166	Bull	0.60147	226.0	136.1446	Extension	Engulf	0	1	0.00000	0	true	100.00	36.1446	true		9833	125.00
NZDUSD	H4	2025-06-11T20:00:00	0.60523	0.60340	0.00183	Bear	0.60485	145.0	79.2350	Retracement	Single	0	1	0.00000	0	true	78.60	0.6350	true		7201	125.00
NZDUSD	H4	2025-06-11T08:00:00	0.60506	0.60238	0.00268	Bear	0.60389	151.0	56.3433	Retracement	Single	0	1	0.00000	0	true	61.80	5.4567	true		8060	125.00
NZDUSD	H4	2025-06-11T04:00:00	0.60605	0.60376	0.00229	Bear	0.60506	130.0	56.7686	Retracement	Single	0	1	0.00000	0	true	61.80	5.0314	true		8135	125.00
NZDUSD	H4	2025-06-09T08:00:00	0.60405	0.60164	0.00241	Bull	0.60305	100.0	41.4938	Retracement	Single	0	1	0.00000	0	true	38.20	3.2938	true		7748	125.00
NZDUSD	H4	2025-06-09T04:00:00	0.60268	0.59987	0.00281	Bull	0.60164	104.0	37.0107	Retracement	Single	0	1	0.00000	0	true	38.20	1.1893	true		7952	125.00
NZDUSD	H4	2025-06-06T16:00:00	0.60425	0.60166	0.00259	Bear	0.60278	112.0	43.2432	Retracement	Single	0	1	0.00000	0	true	38.20	5.0432	true		19973	125.00
NZDUSD	H4	2025-06-06T12:00:00	0.60470	0.60224	0.00246	Bear	0.60425	201.0	81.7073	Retracement	Single	0	1	0.00000	0	true	78.60	3.1073	true		13086	125.00
NZDUSD	H4	2025-06-06T04:00:00	0.60475	0.60302	0.00173	Bull	0.60249	226.0	130.6358	Extension	Engulf	0	1	0.00000	0	true	100.00	30.6358	true		6333	125.00
NZDUSD	H4	2025-06-05T20:00:00	0.60790	0.60381	0.00409	Bear	0.60459	78.0	19.0709	Retracement	Single	0	1	0.00000	0	true	23.60	4.5291	true		6679	125.00
NZDUSD	H4	2025-06-05T12:00:00	0.60438	0.60248	0.00190	Bull	0.60383	55.0	28.9474	Retracement	Single	0	1	0.00000	0	true	23.60	5.3474	true		12220	125.00
NZDUSD	H4	2025-06-04T16:00:00	0.60226	0.60088	0.00138	Bull	0.60138	88.0	63.7681	Retracement	Single	0	1	0.00000	0	true	61.80	1.9681	true		15103	125.00
NZDUSD	H4	2025-06-04T12:00:00	0.60151	0.59906	0.00245	Bull	0.60088	63.0	25.7143	Retracement	Single	0	1	0.00000	0	true	23.60	2.1143	true		10179	125.00
NZDUSD	H4	2025-06-03T12:00:00	0.60144	0.59893	0.00251	Bear	0.60094	201.0	80.0797	Retracement	Single	0	1	0.00000	0	true	78.60	1.4797	true		9672	125.00
NZDUSD	H4	2025-06-03T08:00:00	0.60527	0.60082	0.00445	Bear	0.60144	62.0	13.9326	Retracement	Single	0	1	0.00000	0	true	23.60	9.6674	true		12737	125.00
NZDUSD	H4	2025-06-03T00:00:00	0.60426	0.60187	0.00239	Bull	0.60240	186.0	77.8243	Retracement	Single	0	1	0.00000	0	true	78.60	0.7757	true		4418	125.00
NZDUSD	H4	2025-06-02T20:00:00	0.60377	0.60041	0.00336	Bull	0.60187	190.0	56.5476	Retracement	Single	0	1	0.00000	0	true	61.80	5.2524	true		4000	125.00
NZDUSD	H4	2025-06-02T16:00:00	0.60236	0.60089	0.00147	Bull	0.60041	195.0	132.6531	Extension	Engulf	0	1	0.00000	0	true	100.00	32.6531	true		13715	125.00
NZDUSD	H4	2025-06-02T12:00:00	0.60261	0.59901	0.00360	Bull	0.60041	220.0	61.1111	Retracement	Inside	1	2	0.00000	0	true	61.80	0.6889	true		9122	125.00
NZDUSD	H4	2025-06-02T08:00:00	0.60077	0.59888	0.00189	Bull	0.59901	176.0	93.1217	Retracement	Single	0	1	0.00000	0	true	100.00	6.8783	true		8926	125.00
NZDUSD	H4	2025-06-02T04:00:00	0.59949	0.59556	0.00393	Bull	0.59888	61.0	15.5216	Retracement	Single	0	1	0.00000	0	true	23.60	8.0784	true		7216	125.00
NZDUSD	H4	2025-05-30T20:00:00	0.59733	0.59466	0.00267	Bull	0.59592	141.0	52.8090	Retracement	Single	0	1	0.00000	0	true	50.00	2.8090	true		5393	125.00
NZDUSD	H4	2025-05-30T16:00:00	0.59676	0.59460	0.00216	Bull	0.59466	210.0	97.2222	Retracement	Single	0	1	0.00000	0	true	100.00	2.7778	true		16653	125.00
NZDUSD	H4	2025-05-30T08:00:00	0.59885	0.59587	0.00298	Bear	0.59800	213.0	71.4765	Retracement	Single	0	1	0.00000	0	true	78.60	7.1235	true		11482	125.00
NZDUSD	H4	2025-05-29T12:00:00	0.59697	0.59298	0.00399	Bull	0.59570	127.0	31.8296	Retracement	Single	0	1	0.00000	0	true	38.20	6.3704	true		12612	125.00
NZDUSD	H4	2025-05-29T04:00:00	0.59754	0.59448	0.00306	Bear	0.59534	86.0	28.1046	Retracement	Single	0	1	0.00000	0	true	23.60	4.5046	true		13148	125.00
NZDUSD	H4	2025-05-28T20:00:00	0.59654	0.59428	0.00226	Bull	0.59546	108.0	47.7876	Retracement	Single	0	1	0.00000	0	true	50.00	2.2124	true		5652	125.00
NZDUSD	H4	2025-05-28T08:00:00	0.59784	0.59226	0.00558	Bull	0.59417	367.0	65.7706	Retracement	Inside	4	4	0.00000	0	true	61.80	3.9706	true		10711	125.00
NZDUSD	H4	2025-05-27T20:00:00	0.59707	0.59388	0.00319	Bear	0.59624	236.0	73.9812	Retracement	Inside	1	2	0.00000	0	true	78.60	4.6188	true		4468	125.00
NZDUSD	H4	2025-05-27T08:00:00	0.60054	0.59775	0.00279	Bear	0.59941	166.0	59.4982	Retracement	Single	0	1	0.00000	0	true	61.80	2.3018	true		12697	125.00
NZDUSD	H4	2025-05-26T20:00:00	0.60158	0.60019	0.00139	Bear	0.60033	14.0	10.0719	Retracement	Single	0	1	0.00000	0	true	23.60	13.5281	true		2229	125.00
NZDUSD	H4	2025-05-26T12:00:00	0.60285	0.60124	0.00161	Bear	0.60174	50.0	31.0559	Retracement	Single	0	1	0.00000	0	true	38.20	7.1441	true		8072	125.00
NZDUSD	H4	2025-05-26T04:00:00	0.59959	0.59723	0.00236	Bull	0.59933	26.0	11.0169	Retracement	Single	0	1	0.00000	0	true	23.60	12.5831	true		10052	125.00
NZDUSD	H4	2025-05-23T20:00:00	0.59843	0.59470	0.00373	Bull	0.59793	50.0	13.4048	Retracement	Single	0	1	0.00000	0	true	23.60	10.1952	true		4213	125.00
NZDUSD	H4	2025-05-23T16:00:00	0.59680	0.59400	0.00280	Bull	0.59470	210.0	75.0000	Retracement	Single	0	1	0.00000	0	true	78.60	3.6000	true		12912	125.00
NZDUSD	H4	2025-05-23T12:00:00	0.59464	0.59115	0.00349	Bull	0.59400	64.0	18.3381	Retracement	Single	0	1	0.00000	0	true	23.60	5.2619	true		13936	125.00
NZDUSD	H4	2025-05-23T08:00:00	0.59208	0.59005	0.00203	Bull	0.59115	93.0	45.8128	Retracement	Single	0	1	0.00000	0	true	50.00	4.1872	true		8571	125.00
NZDUSD	H4	2025-05-23T04:00:00	0.59033	0.58896	0.00137	Bull	0.59005	28.0	20.4380	Retracement	Single	0	1	0.00000	0	true	23.60	3.1620	true		5793	125.00
NZDUSD	H4	2025-05-22T20:00:00	0.59137	0.58947	0.00190	Bear	0.59034	87.0	45.7895	Retracement	Single	0	1	0.00000	0	true	50.00	4.2105	true		6007	125.00
NZDUSD	H4	2025-05-22T12:00:00	0.59372	0.59178	0.00194	Bear	0.59185	7.0	3.6082	Retracement	Single	0	1	0.00000	0	true	23.60	19.9918	true		11450	125.00
NZDUSD	H4	2025-05-22T08:00:00	0.59385	0.59193	0.00192	Bear	0.59372	179.0	93.2292	Retracement	Single	0	1	0.00000	0	true	100.00	6.7708	true		11898	125.00
NZDUSD	H4	2025-05-22T04:00:00	0.59411	0.59269	0.00142	Bear	0.59385	116.0	81.6901	Retracement	Single	0	1	0.00000	0	true	78.60	3.0901	true		8983	125.00
NZDUSD	H4	2025-05-22T00:00:00	0.59653	0.59330	0.00323	Bear	0.59411	81.0	25.0774	Retracement	Single	0	1	0.00000	0	true	23.60	1.4774	true		5630	125.00
NZDUSD	H4	2025-05-21T16:00:00	0.59508	0.59240	0.00268	Bull	0.59362	146.0	54.4776	Retracement	Single	0	1	0.00000	0	true	50.00	4.4776	true		14165	125.00
NZDUSD	H4	2025-05-21T04:00:00	0.59387	0.59143	0.00244	Bull	0.59309	78.0	31.9672	Retracement	Single	0	1	0.00000	0	true	38.20	6.2328	true		8145	125.00
NZDUSD	H4	2025-05-21T00:00:00	0.59242	0.59113	0.00129	Bull	0.59143	99.0	76.7442	Retracement	Single	0	1	0.00000	0	true	78.60	1.8558	true		4318	125.00
NZDUSD	H4	2025-05-20T20:00:00	0.59173	0.58967	0.00206	Bull	0.59113	60.0	29.1262	Retracement	Single	0	1	0.00000	0	true	23.60	5.5262	true		4896	125.00
NZDUSD	H4	2025-05-20T12:00:00	0.59308	0.59096	0.00212	Bear	0.59211	115.0	54.2453	Retracement	Single	0	1	0.00000	0	true	50.00	4.2453	true		8275	125.00
NZDUSD	H4	2025-05-20T08:00:00	0.59273	0.59107	0.00166	Bear	0.59308	201.0	121.0843	Extension	Engulf	0	1	0.00000	0	true	100.00	21.0843	true		13158	125.00
NZDUSD	H4	2025-05-20T04:00:00	0.59305	0.59184	0.00121	Bear	0.59273	89.0	73.5537	Retracement	Single	0	1	0.00000	0	true	78.60	5.0463	true		9030	125.00
NZDUSD	H4	2025-05-19T16:00:00	0.59170	0.58967	0.00203	Bull	0.59016	154.0	75.8621	Retracement	Single	0	1	0.00000	0	true	78.60	2.7379	true		14531	125.00
NZDUSD	H4	2025-05-19T12:00:00	0.59024	0.58788	0.00236	Bull	0.58967	57.0	24.1525	Retracement	Single	0	1	0.00000	0	true	23.60	0.5525	true		12081	125.00
NZDUSD	H4	2025-05-16T16:00:00	0.59093	0.58889	0.00204	Bear	0.58985	96.0	47.0588	Retracement	Single	0	1	0.00000	0	true	50.00	2.9412	true		11447	125.00
NZDUSD	H4	2025-05-16T08:00:00	0.59064	0.58648	0.00416	Bull	0.59019	45.0	10.8173	Retracement	Single	0	1	0.00000	0	true	23.60	12.7827	true		7626	125.00
NZDUSD	H4	2025-05-15T16:00:00	0.58905	0.58648	0.00257	Bear	0.58861	213.0	82.8794	Retracement	Single	0	1	0.00000	0	true	78.60	4.2794	true		15326	125.00
NZDUSD	H4	2025-05-15T12:00:00	0.59094	0.58812	0.00282	Bear	0.58905	93.0	32.9787	Retracement	Single	0	1	0.00000	0	true	38.20	5.2213	true		9643	125.00
NZDUSD	H4	2025-05-15T08:00:00	0.59148	0.58909	0.00239	Bear	0.59094	185.0	77.4059	Retracement	Single	0	1	0.00000	0	true	78.60	1.1941	true		11032	125.00
NZDUSD	H4	2025-05-15T04:00:00	0.59024	0.58853	0.00171	Bear	0.59148	295.0	172.5146	Extension	Single	0	1	0.00000	0	true	100.00	72.5146	true		8693	125.00
NZDUSD	H4	2025-05-15T00:00:00	0.59091	0.58920	0.00171	Bear	0.59024	104.0	60.8187	Retracement	Single	0	1	0.00000	0	true	61.80	0.9813	true		5077	125.00
NZDUSD	H4	2025-05-14T20:00:00	0.59418	0.58969	0.00449	Bear	0.59091	122.0	27.1715	Retracement	Single	0	1	0.00000	0	true	23.60	3.5715	true		6097	125.00
NZDUSD	H4	2025-05-14T16:00:00	0.59675	0.59377	0.00298	Bear	0.59418	41.0	13.7584	Retracement	Single	0	1	0.00000	0	true	23.60	9.8416	true		16563	125.00
NZDUSD	H4	2025-05-13T20:00:00	0.59385	0.59001	0.00384	Bull	0.59330	55.0	14.3229	Retracement	Single	0	1	0.00000	0	true	23.60	9.2771	true		4320	125.00
NZDUSD	H4	2025-05-13T16:00:00	0.59117	0.58857	0.00260	Bull	0.59001	116.0	44.6154	Retracement	Single	0	1	0.00000	0	true	50.00	5.3846	true		16452	125.00
NZDUSD	H4	2025-05-13T12:00:00	0.58980	0.58821	0.00159	Bull	0.58857	123.0	77.3585	Retracement	Single	0	1	0.00000	0	true	78.60	1.2415	true		9519	125.00
NZDUSD	H4	2025-05-13T04:00:00	0.58639	0.58459	0.00180	Bull	0.58457	182.0	101.1111	Extension	Engulf	0	1	0.00000	0	true	100.00	1.1111	true		8512	125.00
NZDUSD	H4	2025-05-12T20:00:00	0.58900	0.58525	0.00375	Bear	0.58608	83.0	22.1333	Retracement	Single	0	1	0.00000	0	true	23.60	1.4667	true		4802	125.00
NZDUSD	H4	2025-05-12T16:00:00	0.58933	0.58609	0.00324	Bear	0.58900	291.0	89.8148	Retracement	Single	0	1	0.00000	0	true	100.00	10.1852	true		12295	125.00
NZDUSD	H4	2025-05-12T12:00:00	0.59395	0.58739	0.00656	Bear	0.58933	194.0	29.5732	Retracement	Single	0	1	0.00000	0	true	23.60	5.9732	true		13675	125.00
NZDUSD	H4	2025-05-12T04:00:00	0.59249	0.58994	0.00255	Bull	0.59174	75.0	29.4118	Retracement	Single	0	1	0.00000	0	true	23.60	5.8118	true		9870	125.00
NZDUSD	H4	2025-05-09T08:00:00	0.58975	0.58695	0.00280	Bull	0.58882	93.0	33.2143	Retracement	Single	0	1	0.00000	0	true	38.20	4.9857	true		9781	125.00
NZDUSD	H4	2025-05-09T00:00:00	0.59136	0.58997	0.00139	Bear	0.59068	71.0	51.0791	Retracement	Single	0	1	0.00000	0	true	50.00	1.0791	true		4729	125.00
NZDUSD	H4	2025-05-08T20:00:00	0.59424	0.59065	0.00359	Bear	0.59136	71.0	19.7772	Retracement	Single	0	1	0.00000	0	true	23.60	3.8228	true		7561	125.00
NZDUSD	H4	2025-05-08T04:00:00	0.59512	0.59340	0.00172	Bull	0.59462	50.0	29.0698	Retracement	Single	0	1	0.00000	0	true	23.60	5.4698	true		9060	125.00
NZDUSD	H4	2025-05-07T20:00:00	0.59901	0.59653	0.00248	Bear	0.59801	148.0	59.6774	Retracement	Single	0	1	0.00000	0	true	61.80	2.1226	true		17412	125.00
NZDUSD	H4	2025-05-07T16:00:00	0.59942	0.59790	0.00152	Bear	0.59901	111.0	73.0263	Retracement	Single	0	1	0.00000	0	true	78.60	5.5737	true		11167	125.00
NZDUSD	H4	2025-05-07T12:00:00	0.60112	0.59917	0.00195	Bear	0.59942	25.0	12.8205	Retracement	Single	0	1	0.00000	0	true	23.60	10.7795	true		8624	125.00
NZDUSD	H4	2025-05-07T08:00:00	0.60215	0.59874	0.00341	Bear	0.60112	238.0	69.7947	Retracement	Inside	1	2	0.00000	0	true	61.80	7.9947	true		12724	125.00
NZDUSD	H4	2025-05-07T00:00:00	0.60120	0.59961	0.00159	Bull	0.59975	145.0	91.1950	Retracement	Single	0	1	0.00000	0	true	100.00	8.8050	true		12875	125.00
NZDUSD	H4	2025-05-06T20:00:00	0.60075	0.59782	0.00293	Bull	0.59961	114.0	38.9078	Retracement	Single	0	1	0.00000	0	true	38.20	0.7078	true		6825	125.00
NZDUSD	H4	2025-05-06T16:00:00	0.59884	0.59625	0.00259	Bull	0.59782	102.0	39.3822	Retracement	Single	0	1	0.00000	0	true	38.20	1.1822	true		13129	125.00
NZDUSD	H4	2025-05-05T04:00:00	0.59587	0.59318	0.00269	Bull	0.59477	110.0	40.8922	Retracement	Single	0	1	0.00000	0	true	38.20	2.6922	true		10610	125.00
NZDUSD	H4	2025-05-02T16:00:00	0.59560	0.59200	0.00360	Bull	0.59473	87.0	24.1667	Retracement	Single	0	1	0.00000	0	true	23.60	0.5667	true		21390	125.00
NZDUSD	H4	2025-05-02T04:00:00	0.59234	0.58981	0.00253	Bull	0.59149	85.0	33.5968	Retracement	Single	0	1	0.00000	0	true	38.20	4.6032	true		10756	125.00
NZDUSD	H4	2025-05-02T00:00:00	0.59127	0.58948	0.00179	Bull	0.58981	146.0	81.5642	Retracement	Single	0	1	0.00000	0	true	78.60	2.9642	true		6727	125.00
NZDUSD	H4	2025-05-01T16:00:00	0.59321	0.59115	0.00206	Bear	0.59241	126.0	61.1650	Retracement	Single	0	1	0.00000	0	true	61.80	0.6350	true		16348	125.00
NZDUSD	H4	2025-05-01T12:00:00	0.59409	0.59215	0.00194	Bear	0.59321	106.0	54.6392	Retracement	Single	0	1	0.00000	0	true	50.00	4.6392	true		11525	125.00
NZDUSD	H4	2025-05-01T08:00:00	0.59500	0.59319	0.00181	Bear	0.59409	90.0	49.7238	Retracement	Single	0	1	0.00000	0	true	50.00	0.2762	true		10640	125.00
NZDUSD	H4	2025-04-30T20:00:00	0.59368	0.58971	0.00397	Bull	0.59294	74.0	18.6398	Retracement	Single	0	1	0.00000	0	true	23.60	4.9602	true		9669	125.00
NZDUSD	H4	2025-04-30T12:00:00	0.59486	0.59154	0.00332	Bear	0.59276	122.0	36.7470	Retracement	Single	0	1	0.00000	0	true	38.20	1.4530	true		12032	125.00
NZDUSD	H4	2025-04-30T00:00:00	0.59457	0.59257	0.00200	Bear	0.59382	125.0	62.5000	Retracement	Single	0	1	0.00000	0	true	61.80	0.7000	true		4583	125.00
NZDUSD	H4	2025-04-29T20:00:00	0.59560	0.59254	0.00306	Bear	0.59457	203.0	66.3399	Retracement	Inside	1	2	0.00000	0	true	61.80	4.5399	true		6230	125.00
NZDUSD	H4	2025-04-29T16:00:00	0.59672	0.59467	0.00205	Bear	0.59560	93.0	45.3659	Retracement	Single	0	1	0.00000	0	true	50.00	4.6341	true		15815	125.00
NZDUSD	H4	2025-04-29T04:00:00	0.59784	0.59581	0.00203	Bear	0.59852	271.0	133.4975	Extension	Engulf	0	1	0.00000	0	true	100.00	33.4975	true		11910	125.00
NZDUSD	H4	2025-04-28T16:00:00	0.59576	0.59361	0.00215	Bull	0.59454	122.0	56.7442	Retracement	Single	0	1	0.00000	0	true	61.80	5.0558	true		15957	125.00
NZDUSD	H4	2025-04-28T04:00:00	0.59640	0.59466	0.00174	Bull	0.59420	220.0	126.4368	Extension	Engulf	0	1	0.00000	0	true	100.00	26.4368	true		7901	125.00
NZDUSD	H4	2025-04-25T12:00:00	0.59818	0.59588	0.00230	Bear	0.59639	51.0	22.1739	Retracement	Single	0	1	0.00000	0	true	23.60	1.4261	true		11223	125.00
NZDUSD	H4	2025-04-25T08:00:00	0.59983	0.59762	0.00221	Bear	0.59818	56.0	25.3394	Retracement	Single	0	1	0.00000	0	true	23.60	1.7394	true		12137	125.00
NZDUSD	H4	2025-04-25T04:00:00	0.59996	0.59822	0.00174	Bear	0.59983	161.0	92.5287	Retracement	Single	0	1	0.00000	0	true	100.00	7.4713	true		10290	125.00
NZDUSD	H4	2025-04-24T20:00:00	0.59932	0.59718	0.00214	Bull	0.59839	93.0	43.4579	Retracement	Single	0	1	0.00000	0	true	38.20	5.2579	true		5920	125.00
NZDUSD	H4	2025-04-24T08:00:00	0.59618	0.59424	0.00194	Bull	0.59401	217.0	111.8557	Extension	Engulf	0	1	0.00000	0	true	100.00	11.8557	true		13606	125.00
NZDUSD	H4	2025-04-24T04:00:00	0.59555	0.59407	0.00148	Bull	0.59424	131.0	88.5135	Retracement	Single	0	1	0.00000	0	true	78.60	9.9135	true		10022	125.00
NZDUSD	H4	2025-04-23T20:00:00	0.60123	0.59510	0.00613	Bear	0.59629	119.0	19.4127	Retracement	Single	0	1	0.00000	0	true	23.60	4.1873	true		10758	125.00
NZDUSD	H4	2025-04-23T12:00:00	0.59965	0.59728	0.00237	Bull	0.59788	177.0	74.6835	Retracement	Single	0	1	0.00000	0	true	78.60	3.9165	true		13488	125.00
NZDUSD	H4	2025-04-22T20:00:00	0.60004	0.59837	0.00167	Bear	0.59917	80.0	47.9042	Retracement	Single	0	1	0.00000	0	true	50.00	2.0958	true		10431	125.00
NZDUSD	H4	2025-04-22T16:00:00	0.60086	0.59843	0.00243	Bear	0.60004	161.0	66.2551	Retracement	Single	0	1	0.00000	0	true	61.80	4.4551	true		16636	125.00
NZDUSD	H4	2025-04-22T12:00:00	0.60281	0.59987	0.00294	Bear	0.60086	99.0	33.6735	Retracement	Single	0	1	0.00000	0	true	38.20	4.5265	true		14382	125.00
NZDUSD	H4	2025-04-21T20:00:00	0.60175	0.59948	0.00227	Bear	0.60124	176.0	77.5330	Retracement	Single	0	1	0.00000	0	true	78.60	1.0670	true		5878	125.00
NZDUSD	H4	2025-04-21T12:00:00	0.60163	0.59938	0.00225	Bull	0.60012	151.0	67.1111	Retracement	Single	0	1	0.00000	0	true	61.80	5.3111	true		11259	125.00
NZDUSD	H4	2025-04-21T08:00:00	0.60033	0.59576	0.00457	Bull	0.59938	95.0	20.7877	Retracement	Single	0	1	0.00000	0	true	23.60	2.8123	true		11349	125.00
NZDUSD	H4	2025-04-21T04:00:00	0.59692	0.59203	0.00489	Bull	0.59576	116.0	23.7219	Retracement	Single	0	1	0.00000	0	true	23.60	0.1219	true		10692	125.00
NZDUSD	H4	2025-04-18T16:00:00	0.59359	0.59236	0.00123	Bull	0.59273	86.0	69.9187	Retracement	Inside	1	2	0.00000	0	true	61.80	8.1187	true		17246	125.00
NZDUSD	H4	2025-04-18T08:00:00	0.59705	0.59250	0.00455	Bear	0.59430	180.0	39.5604	Retracement	Single	0	1	0.00000	0	true	38.20	1.3604	true		31723	125.00
NZDUSD	H4	2025-04-17T20:00:00	0.59743	0.59500	0.00243	Bull	0.59644	99.0	40.7407	Retracement	Single	0	1	0.00000	0	true	38.20	2.5407	true		7356	125.00
NZDUSD	H4	2025-04-17T16:00:00	0.59600	0.59231	0.00369	Bull	0.59500	100.0	27.1003	Retracement	Single	0	1	0.00000	0	true	23.60	3.5003	true		18212	125.00
NZDUSD	H4	2025-04-17T12:00:00	0.59252	0.58987	0.00265	Bull	0.59231	21.0	7.9245	Retracement	Single	0	1	0.00000	0	true	23.60	15.6755	true		14745	125.00
NZDUSD	H4	2025-04-17T04:00:00	0.59423	0.59184	0.00239	Bear	0.59243	59.0	24.6862	Retracement	Single	0	1	0.00000	0	true	23.60	1.0862	true		10759	125.00
NZDUSD	H4	2025-04-16T20:00:00	0.59296	0.58991	0.00305	Bull	0.59088	208.0	68.1967	Retracement	Single	0	1	0.00000	0	true	61.80	6.3967	true		15645	125.00
NZDUSD	H4	2025-04-16T08:00:00	0.59204	0.58923	0.00281	Bull	0.59087	117.0	41.6370	Retracement	Single	0	1	0.00000	0	true	38.20	3.4370	true		19693	125.00
NZDUSD	H4	2025-04-15T20:00:00	0.59427	0.59025	0.00402	Bear	0.59095	70.0	17.4129	Retracement	Single	0	1	0.00000	0	true	23.60	6.1871	true		9096	125.00
NZDUSD	H4	2025-04-15T04:00:00	0.58830	0.58599	0.00231	Bull	0.58820	10.0	4.3290	Retracement	Single	0	1	0.00000	0	true	23.60	19.2710	true		11553	125.00
NZDUSD	H4	2025-04-15T00:00:00	0.58894	0.58623	0.00271	Bull	0.58599	295.0	108.8561	Extension	Single	0	1	0.00000	0	true	100.00	8.8561	true		9342	125.00
NZDUSD	H4	2025-04-14T20:00:00	0.58852	0.58293	0.00559	Bull	0.58623	229.0	40.9660	Retracement	Single	0	1	0.00000	0	true	38.20	2.7660	true		12025	125.00
NZDUSD	H4	2025-04-14T08:00:00	0.58587	0.58298	0.00289	Bull	0.58487	100.0	34.6021	Retracement	Single	0	1	0.00000	0	true	38.20	3.5979	true		19059	125.00
NZDUSD	H4	2025-04-14T04:00:00	0.58521	0.58057	0.00464	Bull	0.58298	223.0	48.0603	Retracement	Single	0	1	0.00000	0	true	50.00	1.9397	true		16984	125.00
NZDUSD	H4	2025-04-14T00:00:00	0.58324	0.57932	0.00392	Bull	0.58057	267.0	68.1122	Retracement	Single	0	1	0.00000	0	true	61.80	6.3122	true		14866	125.00
NZDUSD	H4	2025-04-11T12:00:00	0.58109	0.57522	0.00587	Bull	0.57794	315.0	53.6627	Retracement	Single	0	1	0.00000	0	true	50.00	3.6627	true		31486	125.00
NZDUSD	H4	2025-04-11T08:00:00	0.57984	0.57496	0.00488	Bull	0.57522	462.0	94.6721	Retracement	Single	0	1	0.00000	0	true	100.00	5.3279	true		35719	125.00
NZDUSD	H4	2025-04-11T04:00:00	0.57740	0.57316	0.00424	Bull	0.57496	244.0	57.5472	Retracement	Single	0	1	0.00000	0	true	61.80	4.2528	true		33702	125.00
NZDUSD	H4	2025-04-11T00:00:00	0.57644	0.57154	0.00490	Bull	0.57316	328.0	66.9388	Retracement	Single	0	1	0.00000	0	true	61.80	5.1388	true		25076	125.00
NZDUSD	H4	2025-04-10T20:00:00	0.57502	0.56920	0.00582	Bull	0.57154	348.0	59.7938	Retracement	Single	0	1	0.00000	0	true	61.80	2.0062	true		31854	125.00
NZDUSD	H4	2025-04-10T16:00:00	0.57363	0.56655	0.00708	Bull	0.56920	443.0	62.5706	Retracement	Single	0	1	0.00000	0	true	61.80	0.7706	true		45356	125.00
NZDUSD	H4	2025-04-10T04:00:00	0.56626	0.56335	0.00291	Bull	0.56266	360.0	123.7113	Extension	Engulf	0	1	0.00000	0	true	100.00	23.7113	true		24110	125.00
NZDUSD	H4	2025-04-10T00:00:00	0.56669	0.55649	0.01020	Bull	0.56266	403.0	39.5098	Retracement	Inside	1	2	0.00000	0	true	38.20	1.3098	true		20169	125.00
NZDUSD	H4	2025-04-09T12:00:00	0.55638	0.55233	0.00405	Bull	0.55401	237.0	58.5185	Retracement	Single	0	1	0.00000	0	true	61.80	3.2815	true		37773	125.00
NZDUSD	H4	2025-04-09T08:00:00	0.55597	0.55126	0.00471	Bull	0.55233	364.0	77.2824	Retracement	Single	0	1	0.00000	0	true	78.60	1.3176	true		43219	125.00
NZDUSD	H4	2025-04-08T20:00:00	0.56253	0.55544	0.00709	Bear	0.55623	79.0	11.1425	Retracement	Single	0	1	0.00000	0	true	23.60	12.4575	true		27505	125.00
NZDUSD	H4	2025-04-08T00:00:00	0.55523	0.55087	0.00436	Bull	0.55285	238.0	54.5872	Retracement	Single	0	1	0.00000	0	true	50.00	4.5872	true		12440	125.00
NZDUSD	H4	2025-04-04T16:00:00	0.56941	0.56122	0.00819	Bear	0.56572	450.0	54.9451	Retracement	Single	0	1	0.00000	0	true	50.00	4.9451	true		55074	125.00
NZDUSD	H4	2025-04-04T12:00:00	0.57301	0.56800	0.00501	Bear	0.56941	141.0	28.1437	Retracement	Single	0	1	0.00000	0	true	23.60	4.5437	true		49534	125.00
NZDUSD	H4	2025-04-04T08:00:00	0.57913	0.57131	0.00782	Bear	0.57301	170.0	21.7391	Retracement	Single	0	1	0.00000	0	true	23.60	1.8609	true		23291	125.00
NZDUSD	H4	2025-04-04T00:00:00	0.58094	0.57815	0.00279	Bear	0.57958	143.0	51.2545	Retracement	Single	0	1	0.00000	0	true	50.00	1.2545	true		10303	125.00
NZDUSD	H4	2025-04-03T20:00:00	0.58520	0.58076	0.00444	Bear	0.58094	18.0	4.0541	Retracement	Single	0	1	0.00000	0	true	23.60	19.5459	true		10547	125.00
NZDUSD	H4	2025-04-03T12:00:00	0.57984	0.57299	0.00685	Bull	0.57916	68.0	9.9270	Retracement	Single	0	1	0.00000	0	true	23.60	13.6730	true		28041	125.00
NZDUSD	H4	2025-04-03T04:00:00	0.57410	0.56805	0.00605	Bear	0.57438	633.0	104.6281	Extension	Single	0	1	0.00000	0	true	100.00	4.6281	true		16719	125.00
NZDUSD	H4	2025-04-02T12:00:00	0.57392	0.57159	0.00233	Bull	0.57347	45.0	19.3133	Retracement	Single	0	1	0.00000	0	true	23.60	4.2867	true		9311	125.00
NZDUSD	H4	2025-04-02T08:00:00	0.57236	0.57011	0.00225	Bull	0.57159	77.0	34.2222	Retracement	Single	0	1	0.00000	0	true	38.20	3.9778	true		7449	125.00
NZDUSD	H4	2025-04-02T04:00:00	0.57133	0.56915	0.00218	Bull	0.57011	122.0	55.9633	Retracement	Single	0	1	0.00000	0	true	61.80	5.8367	true		6496	125.00
NZDUSD	H4	2025-04-02T00:00:00	0.57017	0.56876	0.00141	Bull	0.56915	102.0	72.3404	Retracement	Single	0	1	0.00000	0	true	78.60	6.2596	true		5639	125.00
NZDUSD	H4	2025-04-01T20:00:00	0.57035	0.56745	0.00290	Bull	0.56876	159.0	54.8276	Retracement	Inside	1	2	0.00000	0	true	50.00	4.8276	true		6120	125.00
NZDUSD	H4	2025-03-31T16:00:00	0.56908	0.56686	0.00222	Bear	0.56740	54.0	24.3243	Retracement	Single	0	1	0.00000	0	true	23.60	0.7243	true		17114	125.00
NZDUSD	H4	2025-03-31T12:00:00	0.57213	0.56859	0.00354	Bear	0.56908	49.0	13.8418	Retracement	Single	0	1	0.00000	0	true	23.60	9.7582	true		9770	125.00
NZDUSD	H4	2025-03-31T00:00:00	0.57191	0.57101	0.00090	Bear	0.57156	55.0	61.1111	Retracement	Single	0	1	0.00000	0	true	61.80	0.6889	true		8450	125.00
NZDUSD	H4	2025-03-28T20:00:00	0.57351	0.57142	0.00209	Bear	0.57191	49.0	23.4450	Retracement	Single	0	1	0.00000	0	true	23.60	0.1550	true		5022	125.00
NZDUSD	H4	2025-03-28T12:00:00	0.57237	0.57102	0.00135	Bull	0.57108	129.0	95.5556	Retracement	Single	0	1	0.00000	0	true	100.00	4.4444	true		11152	125.00
NZDUSD	H4	2025-03-28T04:00:00	0.57374	0.57198	0.00176	Bear	0.57241	43.0	24.4318	Retracement	Single	0	1	0.00000	0	true	23.60	0.8318	true		5324	125.00
NZDUSD	H4	2025-03-28T00:00:00	0.57420	0.57322	0.00098	Bear	0.57374	52.0	53.0612	Retracement	Single	0	1	0.00000	0	true	50.00	3.0612	true		8723	125.00
NZDUSD	H4	2025-03-27T08:00:00	0.57444	0.57281	0.00163	Bull	0.57350	94.0	57.6687	Retracement	Single	0	1	0.00000	0	true	61.80	4.1313	true		12550	125.00
NZDUSD	H4	2025-03-27T04:00:00	0.57335	0.57107	0.00228	Bull	0.57281	54.0	23.6842	Retracement	Single	0	1	0.00000	0	true	23.60	0.0842	true		7607	125.00
NZDUSD	H4	2025-03-26T20:00:00	0.57496	0.57250	0.00246	Bear	0.57316	66.0	26.8293	Retracement	Single	0	1	0.00000	0	true	23.60	3.2293	true		4358	125.00
NZDUSD	H4	2025-03-26T16:00:00	0.57614	0.57404	0.00210	Bear	0.57496	92.0	43.8095	Retracement	Single	0	1	0.00000	0	true	38.20	5.6095	true		12498	125.00
NZDUSD	H4	2025-03-26T08:00:00	0.57498	0.57315	0.00183	Bull	0.57475	23.0	12.5683	Retracement	Single	0	1	0.00000	0	true	23.60	11.0317	true		7610	125.00
NZDUSD	H4	2025-03-26T04:00:00	0.57365	0.57129	0.00236	Bull	0.57315	50.0	21.1864	Retracement	Single	0	1	0.00000	0	true	23.60	2.4136	true		5965	125.00
NZDUSD	H4	2025-03-25T20:00:00	0.57446	0.57306	0.00140	Bear	0.57366	60.0	42.8571	Retracement	Single	0	1	0.00000	0	true	38.20	4.6571	true		3930	125.00
NZDUSD	H4	2025-03-24T04:00:00	0.57484	0.57299	0.00185	Bear	0.57337	38.0	20.5405	Retracement	Single	0	1	0.00000	0	true	23.60	3.0595	true		5885	125.00
NZDUSD	H4	2025-03-21T20:00:00	0.57494	0.57235	0.00259	Bear	0.57484	249.0	96.1390	Retracement	Inside	2	3	0.00000	0	true	100.00	3.8610	true		2805	125.00
NZDUSD	H4	2025-03-21T16:00:00	0.57663	0.57420	0.00243	Bear	0.57494	74.0	30.4527	Retracement	Single	0	1	0.00000	0	true	23.60	6.8527	true		9307	125.00
NZDUSD	H4	2025-03-21T00:00:00	0.57614	0.57469	0.00145	Bull	0.57515	99.0	68.2759	Retracement	Single	0	1	0.00000	0	true	61.80	6.4759	true		7267	125.00
NZDUSD	H4	2025-03-20T20:00:00	0.57501	0.57295	0.00206	Bull	0.57469	32.0	15.5340	Retracement	Single	0	1	0.00000	0	true	23.60	8.0660	true		3731	125.00
NZDUSD	H4	2025-03-20T12:00:00	0.57874	0.57427	0.00447	Bear	0.57467	40.0	8.9485	Retracement	Single	0	1	0.00000	0	true	23.60	14.6515	true		12818	125.00
NZDUSD	H4	2025-03-20T08:00:00	0.58002	0.57828	0.00174	Bear	0.57874	46.0	26.4368	Retracement	Single	0	1	0.00000	0	true	23.60	2.8368	true		10549	125.00
NZDUSD	H4	2025-03-20T04:00:00	0.58242	0.57886	0.00356	Bear	0.58002	116.0	32.5843	Retracement	Single	0	1	0.00000	0	true	38.20	5.6157	true		6427	125.00
NZDUSD	H4	2025-03-19T16:00:00	0.57928	0.57748	0.00180	Bear	0.57885	137.0	76.1111	Retracement	Single	0	1	0.00000	0	true	78.60	2.4889	true		8119	125.00
NZDUSD	H4	2025-03-19T12:00:00	0.58132	0.57775	0.00357	Bear	0.57928	153.0	42.8571	Retracement	Single	0	1	0.00000	0	true	38.20	4.6571	true		10458	125.00
NZDUSD	H4	2025-03-19T08:00:00	0.58175	0.58076	0.00099	Bear	0.58132	56.0	56.5657	Retracement	Single	0	1	0.00000	0	true	61.80	5.2343	true		10386	125.00
NZDUSD	H4	2025-03-19T00:00:00	0.58193	0.58106	0.00087	Bear	0.58194	88.0	101.1494	Extension	Single	0	1	0.00000	0	true	100.00	1.1494	true		3958	125.00
NZDUSD	H4	2025-03-17T16:00:00	0.57986	0.57778	0.00208	Bull	0.57951	35.0	16.8269	Retracement	Single	0	1	0.00000	0	true	23.60	6.7731	true		10597	125.00
NZDUSD	H4	2025-03-17T12:00:00	0.57790	0.57556	0.00234	Bull	0.57778	12.0	5.1282	Retracement	Single	0	1	0.00000	0	true	23.60	18.4718	true		11527	125.00
NZDUSD	H4	2025-03-14T20:00:00	0.57483	0.57320	0.00163	Bull	0.57442	41.0	25.1534	Retracement	Single	0	1	0.00000	0	true	23.60	1.5534	true		7008	125.00
NZDUSD	H4	2025-03-14T16:00:00	0.57412	0.57168	0.00244	Bull	0.57320	92.0	37.7049	Retracement	Single	0	1	0.00000	0	true	38.20	0.4951	true		16419	125.00
NZDUSD	H4	2025-03-14T12:00:00	0.57282	0.57102	0.00180	Bull	0.57168	114.0	63.3333	Retracement	Single	0	1	0.00000	0	true	61.80	1.5333	true		15139	125.00
NZDUSD	H4	2025-03-14T08:00:00	0.57133	0.57000	0.00133	Bull	0.57102	31.0	23.3083	Retracement	Single	0	1	0.00000	0	true	23.60	0.2917	true		9720	125.00
NZDUSD	H4	2025-03-14T04:00:00	0.57108	0.56948	0.00160	Bull	0.57000	108.0	67.5000	Retracement	Single	0	1	0.00000	0	true	61.80	5.7000	true		9499	125.00
NZDUSD	H4	2025-03-14T00:00:00	0.57049	0.56904	0.00145	Bull	0.56948	101.0	69.6552	Retracement	Single	0	1	0.00000	0	true	61.80	7.8552	true		5288	125.00
NZDUSD	H4	2025-03-13T20:00:00	0.57133	0.56880	0.00253	Bull	0.56904	229.0	90.5138	Retracement	Inside	3	4	0.00000	0	true	100.00	9.4862	true		6167	125.00
NZDUSD	H4	2025-03-13T12:00:00	0.57220	0.56954	0.00266	Bear	0.57191	237.0	89.0977	Retracement	Single	0	1	0.00000	0	true	78.60	10.4977	true		15147	125.00
NZDUSD	H4	2025-03-13T08:00:00	0.57374	0.57199	0.00175	Bear	0.57220	21.0	12.0000	Retracement	Single	0	1	0.00000	0	true	23.60	11.6000	true		10316	125.00
NZDUSD	H4	2025-03-13T00:00:00	0.57309	0.57193	0.00116	Bull	0.57279	30.0	25.8621	Retracement	Single	0	1	0.00000	0	true	23.60	2.2621	true		5841	125.00
NZDUSD	H4	2025-03-12T20:00:00	0.57319	0.56981	0.00338	Bull	0.57193	126.0	37.2781	Retracement	Inside	1	2	0.00000	0	true	38.20	0.9219	true		7325	125.00
NZDUSD	H4	2025-03-12T04:00:00	0.57156	0.57041	0.00115	Bear	0.57099	58.0	50.4348	Retracement	Single	0	1	0.00000	0	true	50.00	0.4348	true		8003	125.00
NZDUSD	H4	2025-03-11T12:00:00	0.57108	0.56764	0.00344	Bull	0.56959	149.0	43.3140	Retracement	Single	0	1	0.00000	0	true	38.20	5.1140	true		13024	125.00
NZDUSD	H4	2025-03-11T00:00:00	0.57091	0.56892	0.00199	Bear	0.57012	120.0	60.3015	Retracement	Single	0	1	0.00000	0	true	61.80	1.4985	true		10266	125.00
NZDUSD	H4	2025-03-10T20:00:00	0.57337	0.57089	0.00248	Bear	0.57091	2.0	0.8065	Retracement	Single	0	1	0.00000	0	true	23.60	22.7935	true		7974	125.00
NZDUSD	H4	2025-03-10T16:00:00	0.57414	0.57257	0.00157	Bear	0.57337	80.0	50.9554	Retracement	Single	0	1	0.00000	0	true	50.00	0.9554	true		15739	125.00
NZDUSD	H4	2025-03-10T00:00:00	0.57142	0.56912	0.00230	Bull	0.57036	106.0	46.0870	Retracement	Single	0	1	0.00000	0	true	50.00	3.9130	true		11910	125.00
NZDUSD	H4	2025-03-07T16:00:00	0.57264	0.57044	0.00220	Bear	0.57217	173.0	78.6364	Retracement	Single	0	1	0.00000	0	true	78.60	0.0364	true		25102	125.00
NZDUSD	H4	2025-03-07T04:00:00	0.57401	0.57256	0.00145	Bear	0.57303	47.0	32.4138	Retracement	Single	0	1	0.00000	0	true	38.20	5.7862	true		8599	125.00
NZDUSD	H4	2025-03-06T16:00:00	0.57450	0.57283	0.00167	Bull	0.57330	120.0	71.8563	Retracement	Single	0	1	0.00000	0	true	78.60	6.7437	true		27072	125.00
NZDUSD	H4	2025-03-06T08:00:00	0.57449	0.57279	0.00170	Bear	0.57432	153.0	90.0000	Retracement	Single	0	1	0.00000	0	true	100.00	10.0000	true		18208	125.00
NZDUSD	H4	2025-03-06T00:00:00	0.57306	0.57041	0.00265	Bull	0.57188	118.0	44.5283	Retracement	Single	0	1	0.00000	0	true	50.00	5.4717	true		8348	125.00
NZDUSD	H4	2025-03-05T20:00:00	0.57150	0.56902	0.00248	Bull	0.57041	109.0	43.9516	Retracement	Single	0	1	0.00000	0	true	38.20	5.7516	true		9530	125.00
NZDUSD	H4	2025-03-05T16:00:00	0.56944	0.56703	0.00241	Bull	0.56902	42.0	17.4274	Retracement	Single	0	1	0.00000	0	true	23.60	6.1726	true		29873	125.00
NZDUSD	H4	2025-03-05T12:00:00	0.56835	0.56484	0.00351	Bull	0.56703	132.0	37.6068	Retracement	Single	0	1	0.00000	0	true	38.20	0.5932	true		17360	125.00
NZDUSD	H4	2025-03-05T04:00:00	0.56676	0.56437	0.00239	Bear	0.56529	92.0	38.4937	Retracement	Single	0	1	0.00000	0	true	38.20	0.2937	true		11559	125.00
NZDUSD	H4	2025-03-04T12:00:00	0.56311	0.56038	0.00273	Bull	0.56198	113.0	41.3919	Retracement	Single	0	1	0.00000	0	true	38.20	3.1919	true		14836	125.00
NZDUSD	H4	2025-03-03T16:00:00	0.56131	0.56015	0.00116	Bull	0.56121	10.0	8.6207	Retracement	Single	0	1	0.00000	0	true	23.60	14.9793	true		15743	125.00
NZDUSD	H4	2025-03-03T12:00:00	0.56083	0.55922	0.00161	Bull	0.56015	68.0	42.2360	Retracement	Single	0	1	0.00000	0	true	38.20	4.0360	true		11806	125.00
NZDUSD	H4	2025-02-28T20:00:00	0.56088	0.55948	0.00140	Bear	0.55979	31.0	22.1429	Retracement	Single	0	1	0.00000	0	true	23.60	1.4571	true		11742	125.00
NZDUSD	H4	2025-02-28T04:00:00	0.56321	0.56119	0.00202	Bear	0.56152	33.0	16.3366	Retracement	Single	0	1	0.00000	0	true	23.60	7.2634	true		9075	125.00
NZDUSD	H4	2025-02-27T20:00:00	0.56640	0.56369	0.00271	Bear	0.56461	92.0	33.9483	Retracement	Single	0	1	0.00000	0	true	38.20	4.2517	true		6153	125.00
NZDUSD	H4	2025-02-27T16:00:00	0.56867	0.56578	0.00289	Bear	0.56640	62.0	21.4533	Retracement	Single	0	1	0.00000	0	true	23.60	2.1467	true		18408	125.00
NZDUSD	H4	2025-02-26T12:00:00	0.57181	0.57037	0.00144	Bear	0.57062	25.0	17.3611	Retracement	Single	0	1	0.00000	0	true	23.60	6.2389	true		8957	125.00
NZDUSD	H4	2025-02-26T08:00:00	0.57205	0.57051	0.00154	Bear	0.57181	130.0	84.4156	Retracement	Single	0	1	0.00000	0	true	78.60	5.8156	true		9832	125.00
NZDUSD	H4	2025-02-26T04:00:00	0.57315	0.57135	0.00180	Bear	0.57205	70.0	38.8889	Retracement	Single	0	1	0.00000	0	true	38.20	0.6889	true		9877	125.00
NZDUSD	H4	2025-02-25T00:00:00	0.57479	0.57281	0.00198	Bear	0.57317	36.0	18.1818	Retracement	Single	0	1	0.00000	0	true	23.60	5.4182	true		6461	125.00
NZDUSD	H4	2025-02-24T20:00:00	0.57484	0.57306	0.00178	Bear	0.57479	173.0	97.1910	Retracement	Single	0	1	0.00000	0	true	100.00	2.8090	true		6799	125.00
NZDUSD	H4	2025-02-24T04:00:00	0.57553	0.57365	0.00188	Bull	0.57491	62.0	32.9787	Retracement	Single	0	1	0.00000	0	true	38.20	5.2213	true		12515	125.00
NZDUSD	H4	2025-02-21T20:00:00	0.57655	0.57450	0.00205	Bear	0.57473	23.0	11.2195	Retracement	Single	0	1	0.00000	0	true	23.60	12.3805	true		10619	125.00
NZDUSD	H4	2025-02-21T16:00:00	0.57597	0.57508	0.00089	Bear	0.57655	147.0	165.1685	Extension	Engulf	0	1	0.00000	0	true	100.00	65.1685	true		13092	125.00
NZDUSD	H4	2025-02-21T12:00:00	0.57634	0.57524	0.00110	Bear	0.57597	73.0	66.3636	Retracement	Single	0	1	0.00000	0	true	61.80	4.5636	true		6456	125.00
NZDUSD	H4	2025-02-20T16:00:00	0.57384	0.57198	0.00186	Bull	0.57284	100.0	53.7634	Retracement	Single	0	1	0.00000	0	true	50.00	3.7634	true		15836	125.00
NZDUSD	H4	2025-02-20T12:00:00	0.57300	0.57174	0.00126	Bull	0.57198	102.0	80.9524	Retracement	Single	0	1	0.00000	0	true	78.60	2.3524	true		12253	125.00
NZDUSD	H4	2025-02-20T08:00:00	0.57207	0.56926	0.00281	Bull	0.57174	33.0	11.7438	Retracement	Single	0	1	0.00000	0	true	23.60	11.8562	true		9911	125.00
NZDUSD	H4	2025-02-19T16:00:00	0.57235	0.57082	0.00153	Bear	0.57237	155.0	101.3072	Extension	Engulf	0	1	0.00000	0	true	100.00	1.3072	true		11339	125.00
NZDUSD	H4	2025-02-19T08:00:00	0.57235	0.56823	0.00412	Bull	0.57207	28.0	6.7961	Retracement	Single	0	1	0.00000	0	true	23.60	16.8039	true		8254	125.00
NZDUSD	H4	2025-02-18T04:00:00	0.57363	0.57080	0.00283	Bear	0.57186	106.0	37.4558	Retracement	Single	0	1	0.00000	0	true	38.20	0.7442	true		10566	125.00
NZDUSD	H4	2025-02-17T08:00:00	0.57438	0.57312	0.00126	Bear	0.57408	96.0	76.1905	Retracement	Single	0	1	0.00000	0	true	78.60	2.4095	true		9614	125.00
NZDUSD	H4	2025-02-14T16:00:00	0.57193	0.56977	0.00216	Bull	0.57157	36.0	16.6667	Retracement	Single	0	1	0.00000	0	true	23.60	6.9333	true		16550	125.00
NZDUSD	H4	2025-02-14T12:00:00	0.57094	0.56823	0.00271	Bull	0.56977	117.0	43.1734	Retracement	Single	0	1	0.00000	0	true	38.20	4.9734	true		11439	125.00
NZDUSD	H4	2025-02-14T00:00:00	0.56783	0.56321	0.00462	Bull	0.56638	145.0	31.3853	Retracement	Single	0	1	0.00000	0	true	38.20	6.8147	true		6794	125.00
NZDUSD	H4	2025-02-13T20:00:00	0.56576	0.56217	0.00359	Bull	0.56321	255.0	71.0306	Retracement	Single	0	1	0.00000	0	true	78.60	7.5694	true		12127	125.00
NZDUSD	H4	2025-02-13T12:00:00	0.56586	0.56325	0.00261	Bear	0.56402	77.0	29.5019	Retracement	Single	0	1	0.00000	0	true	23.60	5.9019	true		11879	125.00
NZDUSD	H4	2025-02-13T04:00:00	0.56453	0.56347	0.00106	Bull	0.56369	84.0	79.2453	Retracement	Single	0	1	0.00000	0	true	78.60	0.6453	true		7063	125.00
NZDUSD	H4	2025-02-12T12:00:00	0.56544	0.56381	0.00163	Bear	0.56431	50.0	30.6748	Retracement	Single	0	1	0.00000	0	true	23.60	7.0748	true		13312	125.00
NZDUSD	H4	2025-02-12T08:00:00	0.56706	0.56507	0.00199	Bear	0.56544	37.0	18.5930	Retracement	Single	0	1	0.00000	0	true	23.60	5.0070	true		9091	125.00
NZDUSD	H4	2025-02-12T00:00:00	0.56599	0.56454	0.00145	Bull	0.56497	102.0	70.3448	Retracement	Single	0	1	0.00000	0	true	78.60	8.2552	true		3841	125.00
NZDUSD	H4	2025-02-11T20:00:00	0.56578	0.56448	0.00130	Bull	0.56454	124.0	95.3846	Retracement	Single	0	1	0.00000	0	true	100.00	4.6154	true		5001	125.00
NZDUSD	H4	2025-02-11T08:00:00	0.56454	0.56291	0.00163	Bull	0.56428	26.0	15.9509	Retracement	Single	0	1	0.00000	0	true	23.60	7.6491	true		8343	125.00
NZDUSD	H4	2025-02-10T20:00:00	0.56581	0.56419	0.00162	Bear	0.56466	47.0	29.0123	Retracement	Single	0	1	0.00000	0	true	23.60	5.4123	true		3735	125.00
NZDUSD	H4	2025-02-10T12:00:00	0.56628	0.56477	0.00151	Bull	0.56463	165.0	109.2715	Extension	Single	0	1	0.00000	0	true	100.00	9.2715	true		7259	125.00
NZDUSD	H4	2025-02-10T08:00:00	0.56606	0.56380	0.00226	Bull	0.56477	129.0	57.0796	Retracement	Single	0	1	0.00000	0	true	61.80	4.7204	true		8328	125.00
NZDUSD	H4	2025-02-10T04:00:00	0.56513	0.56138	0.00375	Bull	0.56380	133.0	35.4667	Retracement	Single	0	1	0.00000	0	true	38.20	2.7333	true		5988	125.00
NZDUSD	H4	2025-02-07T16:00:00	0.56938	0.56580	0.00358	Bear	0.56818	238.0	66.4804	Retracement	Single	0	1	0.00000	0	true	61.80	4.6804	true		31215	125.00
NZDUSD	H4	2025-02-06T16:00:00	0.56626	0.56517	0.00109	Bull	0.56535	91.0	83.4862	Retracement	Single	0	1	0.00000	0	true	78.60	4.8862	true		12386	125.00
NZDUSD	H4	2025-02-06T08:00:00	0.56867	0.56634	0.00233	Bear	0.56662	28.0	12.0172	Retracement	Single	0	1	0.00000	0	true	23.60	11.5828	true		7108	125.00
NZDUSD	H4	2025-02-04T20:00:00	0.56502	0.56143	0.00359	Bull	0.56434	68.0	18.9415	Retracement	Single	0	1	0.00000	0	true	23.60	4.6585	true		7707	125.00
NZDUSD	H4	2025-02-04T12:00:00	0.56097	0.55887	0.00210	Bull	0.56018	79.0	37.6190	Retracement	Single	0	1	0.00000	0	true	38.20	0.5810	true		11479	125.00
NZDUSD	H4	2025-02-04T04:00:00	0.56396	0.56077	0.00319	Bear	0.56188	111.0	34.7962	Retracement	Single	0	1	0.00000	0	true	38.20	3.4038	true		11278	125.00
NZDUSD	H4	2025-02-03T20:00:00	0.56075	0.55567	0.00508	Bull	0.55837	238.0	46.8504	Retracement	Single	0	1	0.00000	0	true	50.00	3.1496	true		18004	125.00
NZDUSD	H4	2025-02-03T16:00:00	0.55848	0.55522	0.00326	Bull	0.55567	281.0	86.1963	Retracement	Single	0	1	0.00000	0	true	78.60	7.5963	true		41015	125.00
NZDUSD	H4	2025-02-03T12:00:00	0.55669	0.55388	0.00281	Bull	0.55522	147.0	52.3132	Retracement	Single	0	1	0.00000	0	true	50.00	2.3132	true		16069	125.00
NZDUSD	H4	2025-02-03T08:00:00	0.55465	0.55152	0.00313	Bull	0.55388	77.0	24.6006	Retracement	Single	0	1	0.00000	0	true	23.60	1.0006	true		19893	125.00
NZDUSD	H4	2025-01-31T08:00:00	0.56469	0.56314	0.00155	Bull	0.56423	46.0	29.6774	Retracement	Single	0	1	0.00000	0	true	23.60	6.0774	true		9998	125.00
NZDUSD	H4	2025-01-31T04:00:00	0.56358	0.56198	0.00160	Bull	0.56314	44.0	27.5000	Retracement	Single	0	1	0.00000	0	true	23.60	3.9000	true		6757	125.00
NZDUSD	H4	2025-01-30T20:00:00	0.56594	0.56450	0.00144	Bear	0.56575	125.0	86.8056	Retracement	Single	0	1	0.00000	0	true	78.60	8.2056	true		12007	125.00
NZDUSD	H4	2025-01-30T12:00:00	0.56520	0.56373	0.00147	Bull	0.56423	97.0	65.9864	Retracement	Single	0	1	0.00000	0	true	61.80	4.1864	true		12144	125.00
NZDUSD	H4	2025-01-30T00:00:00	0.56600	0.56345	0.00255	Bull	0.56467	133.0	52.1569	Retracement	Single	0	1	0.00000	0	true	50.00	2.1569	true		5690	125.00
NZDUSD	H4	2025-01-29T20:00:00	0.56590	0.56357	0.00233	Bull	0.56345	245.0	105.1502	Extension	Engulf	0	1	0.00000	0	true	100.00	5.1502	true		18846	125.00
NZDUSD	H4	2025-01-29T12:00:00	0.56672	0.56442	0.00230	Bear	0.56487	45.0	19.5652	Retracement	Single	0	1	0.00000	0	true	23.60	4.0348	true		9732	125.00
NZDUSD	H4	2025-01-28T20:00:00	0.56647	0.56490	0.00157	Bull	0.56595	52.0	33.1210	Retracement	Single	0	1	0.00000	0	true	38.20	5.0790	true		6294	125.00
NZDUSD	H4	2025-01-27T12:00:00	0.56938	0.56754	0.00184	Bull	0.56893	45.0	24.4565	Retracement	Single	0	1	0.00000	0	true	23.60	0.8565	true		18842	125.00
NZDUSD	H4	2025-01-27T08:00:00	0.56927	0.56769	0.00158	Bull	0.56754	173.0	109.4937	Extension	Engulf	0	1	0.00000	0	true	100.00	9.4937	true		14540	125.00
NZDUSD	H4	2025-01-24T08:00:00	0.57093	0.56755	0.00338	Bull	0.57036	57.0	16.8639	Retracement	Single	0	1	0.00000	0	true	23.60	6.7361	true		17583	125.00
NZDUSD	H4	2025-01-23T16:00:00	0.56650	0.56504	0.00146	Bull	0.56456	194.0	132.8767	Extension	Engulf	0	1	0.00000	0	true	100.00	32.8767	true		21470	125.00
NZDUSD	H4	2025-01-22T16:00:00	0.56867	0.56671	0.00196	Bear	0.56756	85.0	43.3673	Retracement	Single	0	1	0.00000	0	true	38.20	5.1673	true		14836	125.00
NZDUSD	H4	2025-01-21T20:00:00	0.56694	0.56349	0.00345	Bull	0.56620	74.0	21.4493	Retracement	Single	0	1	0.00000	0	true	23.60	2.1507	true		7134	125.00
NZDUSD	H4	2025-01-21T16:00:00	0.56398	0.56156	0.00242	Bull	0.56349	49.0	20.2479	Retracement	Single	0	1	0.00000	0	true	23.60	3.3521	true		18803	125.00
NZDUSD	H4	2025-01-20T04:00:00	0.56017	0.55779	0.00238	Bull	0.55973	44.0	18.4874	Retracement	Single	0	1	0.00000	0	true	23.60	5.1126	true		6824	125.00
NZDUSD	H4	2025-01-15T12:00:00	0.56243	0.55952	0.00291	Bull	0.55990	253.0	86.9416	Retracement	Single	0	1	0.00000	0	true	78.60	8.3416	true		12647	125.00
NZDUSD	H4	2025-01-15T00:00:00	0.56036	0.55887	0.00149	Bull	0.55959	77.0	51.6779	Retracement	Single	0	1	0.00000	0	true	50.00	1.6779	true		4507	125.00
NZDUSD	H4	2025-01-14T16:00:00	0.56131	0.55835	0.00296	Bear	0.56096	261.0	88.1757	Retracement	Inside	4	4	0.00000	0	true	78.60	9.5757	true		18432	125.00
NZDUSD	H4	2025-01-14T00:00:00	0.55825	0.55537	0.00288	Bull	0.55717	108.0	37.5000	Retracement	Single	0	1	0.00000	0	true	38.20	0.7000	true		9773	125.00
NZDUSD	H4	2025-01-13T20:00:00	0.55581	0.55436	0.00145	Bull	0.55537	44.0	30.3448	Retracement	Single	0	1	0.00000	0	true	23.60	6.7448	true		5345	125.00
NZDUSD	H4	2025-01-13T16:00:00	0.55620	0.55420	0.00200	Bull	0.55436	184.0	92.0000	Retracement	Inside	1	2	0.00000	0	true	100.00	8.0000	true		13848	125.00
NZDUSD	H4	2025-01-13T08:00:00	0.55710	0.55470	0.00240	Bear	0.55628	158.0	65.8333	Retracement	Single	0	1	0.00000	0	true	61.80	4.0333	true		12720	125.00
NZDUSD	H4	2025-01-10T12:00:00	0.55914	0.55754	0.00160	Bear	0.55870	116.0	72.5000	Retracement	Single	0	1	0.00000	0	true	78.60	6.1000	true		14629	125.00
NZDUSD	H4	2025-01-10T08:00:00	0.55999	0.55861	0.00138	Bear	0.55914	53.0	38.4058	Retracement	Single	0	1	0.00000	0	true	38.20	0.2058	true		8212	125.00
NZDUSD	H4	2025-01-09T20:00:00	0.56007	0.55887	0.00120	Bull	0.55937	70.0	58.3333	Retracement	Single	0	1	0.00000	0	true	61.80	3.4667	true		2976	125.00
NZDUSD	H4	2025-01-09T16:00:00	0.56004	0.55857	0.00147	Bull	0.55887	117.0	79.5918	Retracement	Single	0	1	0.00000	0	true	78.60	0.9918	true		9178	125.00
NZDUSD	H4	2025-01-08T20:00:00	0.56113	0.55930	0.00183	Bull	0.56002	111.0	60.6557	Retracement	Single	0	1	0.00000	0	true	61.80	1.1443	true		7322	125.00
NZDUSD	H4	2025-01-08T12:00:00	0.56406	0.56166	0.00240	Bear	0.56188	22.0	9.1667	Retracement	Single	0	1	0.00000	0	true	23.60	14.4333	true		16543	125.00
NZDUSD	H4	2025-01-07T20:00:00	0.56698	0.56355	0.00343	Bear	0.56471	116.0	33.8192	Retracement	Single	0	1	0.00000	0	true	38.20	4.3808	true		7151	125.00
NZDUSD	H4	2025-01-07T16:00:00	0.56880	0.56680	0.00200	Bear	0.56698	18.0	9.0000	Retracement	Single	0	1	0.00000	0	true	23.60	14.6000	true		21588	125.00
NZDUSD	H4	2025-01-07T08:00:00	0.56688	0.56454	0.00234	Bull	0.56606	82.0	35.0427	Retracement	Single	0	1	0.00000	0	true	38.20	3.1573	true		10379	125.00
NZDUSD	H4	2025-01-07T04:00:00	0.56479	0.56345	0.00134	Bull	0.56454	25.0	18.6567	Retracement	Single	0	1	0.00000	0	true	23.60	4.9433	true		6236	125.00
NZDUSD	H4	2025-01-07T00:00:00	0.56436	0.56299	0.00137	Bull	0.56345	91.0	66.4234	Retracement	Single	0	1	0.00000	0	true	61.80	4.6234	true		4510	125.00
NZDUSD	H4	2025-01-06T12:00:00	0.56424	0.56208	0.00216	Bull	0.56252	172.0	79.6296	Retracement	Single	0	1	0.00000	0	true	78.60	1.0296	true		21311	125.00
NZDUSD	H4	2025-01-06T08:00:00	0.56268	0.56126	0.00142	Bull	0.56208	60.0	42.2535	Retracement	Single	0	1	0.00000	0	true	38.20	4.0535	true		9443	125.00
NZDUSD	H4	2025-01-06T04:00:00	0.56330	0.56059	0.00271	Bull	0.56126	204.0	75.2768	Retracement	Inside	1	2	0.00000	0	true	78.60	3.3232	true		6879	125.00
NZDUSD	H4	2025-01-06T00:00:00	0.56128	0.56030	0.00098	Bull	0.56059	69.0	70.4082	Retracement	Single	0	1	0.00000	0	true	78.60	8.1918	true		6825	125.00
NZDUSD	H4	2025-01-03T20:00:00	0.56125	0.55921	0.00204	Bull	0.56030	95.0	46.5686	Retracement	Single	0	1	0.00000	0	true	50.00	3.4314	true		5700	125.00
NZDUSD	H4	2025-01-03T16:00:00	0.56080	0.55970	0.00110	Bull	0.55921	159.0	144.5455	Extension	Engulf	0	1	0.00000	0	true	100.00	44.5455	true		12377	125.00
NZDUSD	H4	2025-01-03T04:00:00	0.56066	0.55865	0.00201	Bull	0.55983	83.0	41.2935	Retracement	Single	0	1	0.00000	0	true	38.20	3.0935	true		4886	125.00
NZDUSD	H4	2025-01-03T00:00:00	0.55957	0.55857	0.00100	Bull	0.55865	92.0	92.0000	Retracement	Single	0	1	0.00000	0	true	100.00	8.0000	true		4234	125.00
NZDUSD	H4	2025-01-02T16:00:00	0.56204	0.56009	0.00195	Bear	0.56149	140.0	71.7949	Retracement	Single	0	1	0.00000	0	true	78.60	6.8051	true		18455	125.00
NZDUSD	H4	2024-12-31T16:00:00	0.56281	0.56018	0.00263	Bear	0.56117	99.0	37.6426	Retracement	Single	0	1	0.00000	0	true	38.20	0.5574	true		17723	125.00
NZDUSD	H4	2024-12-30T12:00:00	0.56625	0.56454	0.00171	Bear	0.56633	179.0	104.6784	Extension	Engulf	0	1	0.00000	0	true	100.00	4.6784	true		8911	125.00
NZDUSD	H4	2024-12-30T04:00:00	0.56455	0.56205	0.00250	Bull	0.56403	52.0	20.8000	Retracement	Single	0	1	0.00000	0	true	23.60	2.8000	true		4338	125.00
NZDUSD	H4	2024-12-30T00:00:00	0.56368	0.56246	0.00122	Bull	0.56205	163.0	133.6066	Extension	Engulf	0	1	0.00000	0	true	100.00	33.6066	true		3496	125.00
NZDUSD	H4	2024-12-27T12:00:00	0.56359	0.56173	0.00186	Bull	0.56226	133.0	71.5054	Retracement	Single	0	1	0.00000	0	true	78.60	7.0946	true		9290	125.00
NZDUSD	H4	2024-12-27T04:00:00	0.56296	0.56185	0.00111	Bear	0.56232	47.0	42.3423	Retracement	Single	0	1	0.00000	0	true	38.20	4.1423	true		4645	125.00
NZDUSD	H4	2024-12-27T00:00:00	0.56329	0.56199	0.00130	Bear	0.56296	97.0	74.6154	Retracement	Single	0	1	0.00000	0	true	78.60	3.9846	true		4601	125.00
NZDUSD	H4	2024-12-26T20:00:00	0.56333	0.56205	0.00128	Bear	0.56329	124.0	96.8750	Retracement	Single	0	1	0.00000	0	true	100.00	3.1250	true		11448	125.00
NZDUSD	H4	2024-12-26T16:00:00	0.56403	0.56293	0.00110	Bear	0.56333	40.0	36.3636	Retracement	Single	0	1	0.00000	0	true	38.20	1.8364	true		9950	125.00
NZDUSD	H4	2024-12-26T12:00:00	0.56461	0.56325	0.00136	Bear	0.56403	78.0	57.3529	Retracement	Single	0	1	0.00000	0	true	61.80	4.4471	true		8617	125.00
NZDUSD	H4	2024-12-26T08:00:00	0.56585	0.56452	0.00133	Bear	0.56461	9.0	6.7669	Retracement	Single	0	1	0.00000	0	true	23.60	16.8331	true		7301	125.00
NZDUSD	H4	2024-12-26T00:00:00	0.56566	0.56321	0.00245	Bull	0.56311	255.0	104.0816	Extension	Single	0	1	0.00000	0	true	100.00	4.0816	true		10835	125.00
NZDUSD	H4	2024-12-23T20:00:00	0.56505	0.56308	0.00197	Bull	0.56454	51.0	25.8883	Retracement	Single	0	1	0.00000	0	true	23.60	2.2883	true		5427	125.00
NZDUSD	H4	2024-12-23T12:00:00	0.56600	0.56438	0.00162	Bear	0.56573	135.0	83.3333	Retracement	Single	0	1	0.00000	0	true	78.60	4.7333	true		7665	125.00
NZDUSD	H4	2024-12-23T04:00:00	0.56562	0.56390	0.00172	Bull	0.56498	64.0	37.2093	Retracement	Single	0	1	0.00000	0	true	38.20	0.9907	true		5204	125.00
NZDUSD	H4	2024-12-20T16:00:00	0.56487	0.56263	0.00224	Bull	0.56321	166.0	74.1071	Retracement	Single	0	1	0.00000	0	true	78.60	4.4929	true		20035	125.00
NZDUSD	H4	2024-12-20T12:00:00	0.56450	0.56193	0.00257	Bull	0.56263	187.0	72.7626	Retracement	Single	0	1	0.00000	0	true	78.60	5.8374	true		11813	125.00
NZDUSD	H4	2024-12-19T20:00:00	0.56612	0.56390	0.00222	Bear	0.56451	61.0	27.4775	Retracement	Single	0	1	0.00000	0	true	23.60	3.8775	true		7397	125.00
NZDUSD	H4	2024-12-19T08:00:00	0.56308	0.56176	0.00132	Bull	0.56208	100.0	75.7576	Retracement	Single	0	1	0.00000	0	true	78.60	2.8424	true		13156	125.00
NZDUSD	H4	2024-12-19T04:00:00	0.56334	0.56069	0.00265	Bull	0.56176	158.0	59.6226	Retracement	Inside	1	2	0.00000	0	true	61.80	2.1774	true		8152	125.00
NZDUSD	H4	2024-12-18T20:00:00	0.57362	0.57146	0.00216	Bear	0.57236	90.0	41.6667	Retracement	Single	0	1	0.00000	0	true	38.20	3.4667	true		22869	125.00
NZDUSD	H4	2024-12-18T08:00:00	0.57509	0.57298	0.00211	Bear	0.57467	169.0	80.0948	Retracement	Single	0	1	0.00000	0	true	78.60	1.4948	true		8149	125.00
NZDUSD	H4	2024-12-18T04:00:00	0.57576	0.57451	0.00125	Bear	0.57509	58.0	46.4000	Retracement	Single	0	1	0.00000	0	true	50.00	3.6000	true		5746	125.00
NZDUSD	H4	2024-12-18T00:00:00	0.57609	0.57488	0.00121	Bear	0.57576	88.0	72.7273	Retracement	Single	0	1	0.00000	0	true	78.60	5.8727	true		4925	125.00
NZDUSD	H4	2024-12-17T20:00:00	0.57669	0.57505	0.00164	Bear	0.57609	104.0	63.4146	Retracement	Single	0	1	0.00000	0	true	61.80	1.6146	true		4282	125.00
NZDUSD	H4	2024-12-17T08:00:00	0.57809	0.57627	0.00182	Bear	0.57684	57.0	31.3187	Retracement	Single	0	1	0.00000	0	true	38.20	6.8813	true		8359	125.00
NZDUSD	H4	2024-12-17T00:00:00	0.57830	0.57743	0.00087	Bull	0.57713	117.0	134.4828	Extension	Engulf	0	1	0.00000	0	true	100.00	34.4828	true		4950	125.00
NZDUSD	H4	2024-12-16T20:00:00	0.57848	0.57579	0.00269	Bull	0.57713	135.0	50.1859	Retracement	Inside	1	2	0.00000	0	true	50.00	0.1859	true		3917	125.00
NZDUSD	H4	2024-12-16T12:00:00	0.57852	0.57733	0.00119	Bear	0.57752	19.0	15.9664	Retracement	Single	0	1	0.00000	0	true	23.60	7.6336	true		7492	125.00
NZDUSD	H4	2024-12-16T04:00:00	0.57741	0.57514	0.00227	Bull	0.57689	52.0	22.9075	Retracement	Single	0	1	0.00000	0	true	23.60	0.6925	true		6714	125.00
NZDUSD	H4	2024-12-13T00:00:00	0.57834	0.57613	0.00221	Bear	0.57709	96.0	43.4389	Retracement	Single	0	1	0.00000	0	true	38.20	5.2389	true		7126	125.00
NZDUSD	H4	2024-12-12T20:00:00	0.58009	0.57700	0.00309	Bear	0.57834	134.0	43.3657	Retracement	Single	0	1	0.00000	0	true	38.20	5.1657	true		7725	125.00
NZDUSD	H4	2024-12-12T16:00:00	0.58103	0.57842	0.00261	Bear	0.58009	167.0	63.9847	Retracement	Single	0	1	0.00000	0	true	61.80	2.1847	true		21344	125.00
